Workbook

Sheet _キー一覧
A1: 1
A2: 2
A3: 3
A4: 4
A5: 5
A6: 6
A7: 7
A8: 8
A9: 9
A10: 0
A11: -
A12: =
... A53: rshift

Sheet 単打
A1: 単打レイヤー
A2: シフトを押さずに、そのキーだけを打ったときのかな
A3: 使わないレイヤーは、シフトキー欄を空欄のままにしてください。そのレイヤーは無視されます。
A5: 配列名 | B5: 薙刀式 | R5: 反映済みのかな数 | Z5: =SUMPRODUCT((_対応表!$G$2:$G$4460<>"")*1) -> 155
A6: 作者 | R6: 重複しているかな | Z6: =COUNTIF(_対応表!$N$2:$N$4460,"重複") -> 0
R7: 個別指定に行がないかな | Z7: =COUNTIF(_対応表!$M$2:$M$4460,"行なし") -> 0
R8: 使用中のレイヤー数 | Z8: =SUMPRODUCT((_対応表!$B$2:$B$4460<>"")*(_対応表!$G$2:$G$4460<>"")) -> 155
A9: ■ 単打レイヤー
A10: 数字段 | F10: 1 | J10: 2 | N10: 3 | R10: 4 | V10: 5 | Z10: 6 | AD10: 7 | AH10: 8 | AL10: 9 | AP10: 0 | AT10: - | AX10: =
A12: 上段 | H12: Q | L12: W | P12: E | T12: R | X12: T | AB12: Y | AF12: U | AJ12: I | AN12: O | AR12: P | AV12: [ | AZ12: ]
L13: き | P13: て | T13: し | AJ13: る | AN13: す | AR13: へ
A14: 中段 | I14: A | M14: S | Q14: D | U14: F | Y14: G | AC14: H | AG14: J | AK14: K | AO14: L | AS14: ; | AW14: '
I15: ろ | M15: け | Q15: と | U15: か | Y15: っ | AC15: く | AG15: あ | AK15: い | AO15: う | AS15: ー
A16: 下段 | K16: Z | O16: X | S16: C | W16: V | AA16: B | AE16: N | AI16: M | AM16: , | AQ16: . | AU16: /
K17: ほ | O17: ひ | S17: は | W17: こ | AA17: そ | AE17: た | AI17: な | AM17: ん | AQ17: ら | AU17: れ
A18: 親指段 | P18: muhenkan | T18: space | AL18: henkan | AP18: kana

Sheet 2キー同時
A1: 2キー同時レイヤー
A2: シフトキー1つと文字キーの同時打鍵
A3: 使わないレイヤーは、シフトキー欄を空欄のままにしてください。そのレイヤーは無視されます。
A5: ■ 2キー同時レイヤー 01
A6: シフトキー | B6: space | G6: ← このキーと同時に押したときの、かなを下に記入します
A7: 数字段 | F7: 1 | J7: 2 | N7: 3 | R7: 4 | V7: 5 | Z7: 6 | AD7: 7 | AH7: 8 | AL7: 9 | AP7: 0 | AT7: - | AX7: =
A9: 上段 | H9: Q | L9: W | P9: E | T9: R | X9: T | AB9: Y | AF9: U | AJ9: I | AN9: O | AR9: P | AV9: [ | AZ9: ]
L10: め | P10: り | T10: ね | AF10: さ | AJ10: よ | AN10: え | AR10: ゆ
A11: 中段 | I11: A | M11: S | Q11: D | U11: F | Y11: G | AC11: H | AG11: J | AK11: K | AO11: L | AS11: ; | AW11: '
I12: せ | M12: み | Q12: に | U12: ま | Y12: ち | AC12: や | AG12: の | AK12: も | AO12: つ | AS12: ふ
A13: 下段 | K13: Z | O13: X | S13: C | W13: V | AA13: B | AE13: N | AI13: M | AM13: , | AQ13: . | AU13: /
S14: を | W14: 、 | AA14: ぬ | AE14: お | AI14: 。 | AM14: む | AQ14: わ
A15: 親指段 | P15: muhenkan | T15: space | AL15: henkan | AP15: kana
A18: ■ 2キー同時レイヤー 02
A19: シフトキー | B19: f | G19: ← このキーと同時に押したときの、かなを下に記入します
A20: 数字段 | F20: 1 | J20: 2 | N20: 3 | R20: 4 | V20: 5 | Z20: 6 | AD20: 7 | AH20: 8 | AL20: 9 | AP20: 0 | AT20: - | AX20: =
A22: 上段 | H22: Q | L22: W | P22: E | T22: R | X22: T | AB22: Y | AF22: U | AJ22: I | AN22: O | AR22: P | AV22: [ | AZ22: ]
AF23: ざ | AN23: ず | AR23: べ
A24: 中段 | I24: A | M24: S | Q24: D | U24: F | Y24: G | AC24: H | AG24: J | AK24: K | AO24: L | AS24: ; | AW24: '
AC25: ぐ | AO25: づ | AS25: ぶ
A26: 下段 | K26: Z | O26: X | S26: C | W26: V | AA26: B | AE26: N | AI26: M | AM26: , | AQ26: . | AU26: /
AE27: だ
A28: 親指段 | P28: muhenkan | T28: space | AL28: henkan | AP28: kana
A31: ■ 2キー同時レイヤー 03
A32: シフトキー | B32: j | G32: ← このキーと同時に押したときの、かなを下に記入します
A33: 数字段 | F33: 1 | J33: 2 | N33: 3 | R33: 4 | V33: 5 | Z33: 6 | AD33: 7 | AH33: 8 | AL33: 9 | AP33: 0 | AT33: - | AX33: =
A35: 上段 | H35: Q | L35: W | P35: E | T35: R | X35: T | AB35: Y | AF35: U | AJ35: I | AN35: O | AR35: P | AV35: [ | AZ35: ]
L36: ぎ | P36: で | T36: じ
A37: 中段 | I37: A | M37: S | Q37: D | U37: F | Y37: G | AC37: H | AG37: J | AK37: K | AO37: L | AS37: ; | AW37: '
I38: ぜ | M38: げ | Q38: ど | U38: が | Y38: ぢ
A39: 下段 | K39: Z | O39: X | S39: C | W39: V | AA39: B | AE39: N | AI39: M | AM39: , | AQ39: . | AU39: /
K40: ぼ | O40: び | S40: ば | W40: ご | AA40: ぞ
A41: 親指段 | P41: muhenkan | T41: space | AL41: henkan | AP41: kana
A44: ■ 2キー同時レイヤー 04
A45: シフトキー | B45: v | G45: ← このキーと同時に押したときの、かなを下に記入します
A46: 数字段 | F46: 1 | J46: 2 | N46: 3 | R46: 4 | V46: 5 | Z46: 6 | AD46: 7 | AH46: 8 | AL46: 9 | AP46: 0 | AT46: - | AX46: =
A48: 上段 | H48: Q | L48: W | P48: E | T48: R | X48: T | AB48: Y | AF48: U | AJ48: I | AN48: O | AR48: P | AV48: [ | AZ48: ]
AR49: ぺ
A50: 中段 | I50: A | M50: S | Q50: D | U50: F | Y50: G | AC50: H | AG50: J | AK50: K | AO50: L | AS50: ; | AW50: '
AS51: ぷ
A52: 下段 | K52: Z | O52: X | S52: C | W52: V | AA52: B | AE52: N | AI52: M | AM52: , | AQ52: . | AU52: /
A54: 親指段 | P54: muhenkan | T54: space | AL54: henkan | AP54: kana
A57: ■ 2キー同時レイヤー 05
A58: シフトキー | B58: m | G58: ← このキーと同時に押したときの、かなを下に記入します
A59: 数字段 | F59: 1 | J59: 2 | N59: 3 | R59: 4 | V59: 5 | Z59: 6 | AD59: 7 | AH59: 8 | AL59: 9 | AP59: 0 | AT59: - | AX59: =
A61: 上段 | H61: Q | L61: W | P61: E | T61: R | X61: T | AB61: Y | AF61: U | AJ61: I | AN61: O | AR61: P | AV61: [ | AZ61: ]
A63: 中段 | I63: A | M63: S | Q63: D | U63: F | Y63: G | AC63: H | AG63: J | AK63: K | AO63: L | AS63: ; | AW63: '
A65: 下段 | K65: Z | O65: X | S65: C | W65: V | AA65: B | AE65: N | AI65: M | AM65: , | AQ65: . | AU65: /
K66: ぽ | O66: ぴ | S66: ぱ
A67: 親指段 | P67: muhenkan | T67: space | AL67: henkan | AP67: kana
A70: ■ 2キー同時レイヤー 06
A71: シフトキー | B71: h | G71: ← このキーと同時に押したときの、かなを下に記入します
A72: 数字段 | F72: 1 | J72: 2 | N72: 3 | R72: 4 | V72: 5 | Z72: 6 | AD72: 7 | AH72: 8 | AL72: 9 | AP72: 0 | AT72: - | AX72: =
A74: 上段 | H74: Q | L74: W | P74: E | T74: R | X74: T | AB74: Y | AF74: U | AJ74: I | AN74: O | AR74: P | AV74: [ | AZ74: ]
L75: きゃ | P75: りゃ | T75: しゃ
A76: 中段 | I76: A | M76: S | Q76: D | U76: F | Y76: G | AC76: H | AG76: J | AK76: K | AO76: L | AS76: ; | AW76: '
M77: みゃ | Q77: にゃ | Y77: ちゃ
A78: 下段 | K78: Z | O78: X | S78: C | W78: V | AA78: B | AE78: N | AI78: M | AM78: , | AQ78: . | AU78: /
O79: ひゃ
A80: 親指段 | P80: muhenkan | T80: space | AL80: henkan | AP80: kana
A83: ■ 2キー同時レイヤー 07
A84: シフトキー | B84: p | G84: ← このキーと同時に押したときの、かなを下に記入します
A85: 数字段 | F85: 1 | J85: 2 | N85: 3 | R85: 4 | V85: 5 | Z85: 6 | AD85: 7 | AH85: 8 | AL85: 9 | AP85: 0 | AT85: - | AX85: =
A87: 上段 | H87: Q | L87: W | P87: E | T87: R | X87: T | AB87: Y | AF87: U | AJ87: I | AN87: O | AR87: P | AV87: [ | AZ87: ]
L88: きゅ | P88: りゅ | T88: しゅ
A89: 中段 | I89: A | M89: S | Q89: D | U89: F | Y89: G | AC89: H | AG89: J | AK89: K | AO89: L | AS89: ; | AW89: '
M90: みゅ | Q90: にゅ | Y90: ちゅ
A91: 下段 | K91: Z | O91: X | S91: C | W91: V | AA91: B | AE91: N | AI91: M | AM91: , | AQ91: . | AU91: /
O92: ひゅ
A93: 親指段 | P93: muhenkan | T93: space | AL93: henkan | AP93: kana
A96: ■ 2キー同時レイヤー 08
A97: シフトキー | B97: i | G97: ← このキーと同時に押したときの、かなを下に記入します
A98: 数字段 | F98: 1 | J98: 2 | N98: 3 | R98: 4 | V98: 5 | Z98: 6 | AD98: 7 | AH98: 8 | AL98: 9 | AP98: 0 | AT98: - | AX98: =
A100: 上段 | H100: Q | L100: W | P100: E | T100: R | X100: T | AB100: Y | AF100: U | AJ100: I | AN100: O | AR100: P | AV100: [ | AZ100: ]
L101: きょ | P101: りょ | T101: しょ
A102: 中段 | I102: A | M102: S | Q102: D | U102: F | Y102: G | AC102: H | AG102: J | AK102: K | AO102: L | AS102: ; | AW102: '
M103: みょ | Q103: にょ | Y103: ちょ
A104: 下段 | K104: Z | O104: X | S104: C | W104: V | AA104: B | AE104: N | AI104: M | AM104: , | AQ104: . | AU104: /
O105: ひょ
A106: 親指段 | P106: muhenkan | T106: space | AL106: henkan | AP106: kana
A109: ■ 2キー同時レイヤー 09
A110: シフトキー | B110: q | G110: ← このキーと同時に押したときの、かなを下に記入します
A111: 数字段 | F111: 1 | J111: 2 | N111: 3 | R111: 4 | V111: 5 | Z111: 6 | AD111: 7 | AH111: 8 | AL111: 9 | AP111: 0 | AT111: - | AX111: =
A113: 上段 | H113: Q | L113: W | P113: E | T113: R | X113: T | AB113: Y | AF113: U | AJ113: I | AN113: O | AR113: P | AV113: [ | AZ113: ]
AJ114: ょ | AN114: ぇ | AR114: ゅ
A115: 中段 | I115: A | M115: S | Q115: D | U115: F | Y115: G | AC115: H | AG115: J | AK115: K | AO115: L | AS115: ; | AW115: '
AC116: ゃ | AG116: ぁ | AK116: ぃ | AO116: ぅ
A117: 下段 | K117: Z | O117: X | S117: C | W117: V | AA117: B | AE117: N | AI117: M | AM117: , | AQ117: . | AU117: /
AE118: ぉ | AQ118: ゎ
A119: 親指段 | P119: muhenkan | T119: space | AL119: henkan | AP119: kana
A122: ■ 2キー同時レイヤー 10
A123: シフトキー | G123: ← このキーと同時に押したときの、かなを下に記入します
A124: 数字段 | F124: 1 | J124: 2 | N124: 3 | R124: 4 | V124: 5 | Z124: 6 | AD124: 7 | AH124: 8 | AL124: 9 | AP124: 0 | AT124: - | AX124: =
A126: 上段 | H126: Q | L126: W | P126: E | T126: R | X126: T | AB126: Y | AF126: U | AJ126: I | AN126: O | AR126: P | AV126: [ | AZ126: ]
A128: 中段 | I128: A | M128: S | Q128: D | U128: F | Y128: G | AC128: H | AG128: J | AK128: K | AO128: L | AS128: ; | AW128: '
A130: 下段 | K130: Z | O130: X | S130: C | W130: V | AA130: B | AE130: N | AI130: M | AM130: , | AQ130: . | AU130: /
A132: 親指段 | P132: muhenkan | T132: space | AL132: henkan | AP132: kana
A135: ■ 2キー同時レイヤー 11
A136: シフトキー | G136: ← このキーと同時に押したときの、かなを下に記入します
A137: 数字段 | F137: 1 | J137: 2 | N137: 3 | R137: 4 | V137: 5 | Z137: 6 | AD137: 7 | AH137: 8 | AL137: 9 | AP137: 0 | AT137: - | AX137: =
...

Sheet 3キー同時
A1: 3キー同時レイヤー
A2: シフトキー2つと文字キーの同時打鍵
A3: 使わないレイヤーは、シフトキー欄を空欄のままにしてください。そのレイヤーは無視されます。
A5: ■ 3キー同時レイヤー 01
A6: シフトキー | B6: h | G6: m | L6: ← これらのキーすべてと同時に押したときの、かなを下に記入します
A7: 数字段 | F7: 1 | J7: 2 | N7: 3 | R7: 4 | V7: 5 | Z7: 6 | AD7: 7 | AH7: 8 | AL7: 9 | AP7: 0 | AT7: - | AX7: =
A9: 上段 | H9: Q | L9: W | P9: E | T9: R | X9: T | AB9: Y | AF9: U | AJ9: I | AN9: O | AR9: P | AV9: [ | AZ9: ]
A11: 中段 | I11: A | M11: S | Q11: D | U11: F | Y11: G | AC11: H | AG11: J | AK11: K | AO11: L | AS11: ; | AW11: '
A13: 下段 | K13: Z | O13: X | S13: C | W13: V | AA13: B | AE13: N | AI13: M | AM13: , | AQ13: . | AU13: /
O14: ぴゃ
A15: 親指段 | P15: muhenkan | T15: space | AL15: henkan | AP15: kana
A18: ■ 3キー同時レイヤー 02
A19: シフトキー | B19: m | G19: p | L19: ← これらのキーすべてと同時に押したときの、かなを下に記入します
A20: 数字段 | F20: 1 | J20: 2 | N20: 3 | R20: 4 | V20: 5 | Z20: 6 | AD20: 7 | AH20: 8 | AL20: 9 | AP20: 0 | AT20: - | AX20: =
A22: 上段 | H22: Q | L22: W | P22: E | T22: R | X22: T | AB22: Y | AF22: U | AJ22: I | AN22: O | AR22: P | AV22: [ | AZ22: ]
P23: てゅ
A24: 中段 | I24: A | M24: S | Q24: D | U24: F | Y24: G | AC24: H | AG24: J | AK24: K | AO24: L | AS24: ; | AW24: '
A26: 下段 | K26: Z | O26: X | S26: C | W26: V | AA26: B | AE26: N | AI26: M | AM26: , | AQ26: . | AU26: /
O27: ぴゅ
A28: 親指段 | P28: muhenkan | T28: space | AL28: henkan | AP28: kana
A31: ■ 3キー同時レイヤー 03
A32: シフトキー | B32: j | G32: h | L32: ← これらのキーすべてと同時に押したときの、かなを下に記入します
A33: 数字段 | F33: 1 | J33: 2 | N33: 3 | R33: 4 | V33: 5 | Z33: 6 | AD33: 7 | AH33: 8 | AL33: 9 | AP33: 0 | AT33: - | AX33: =
A35: 上段 | H35: Q | L35: W | P35: E | T35: R | X35: T | AB35: Y | AF35: U | AJ35: I | AN35: O | AR35: P | AV35: [ | AZ35: ]
L36: ぎゃ | T36: じゃ
A37: 中段 | I37: A | M37: S | Q37: D | U37: F | Y37: G | AC37: H | AG37: J | AK37: K | AO37: L | AS37: ; | AW37: '
Y38: ぢゃ
A39: 下段 | K39: Z | O39: X | S39: C | W39: V | AA39: B | AE39: N | AI39: M | AM39: , | AQ39: . | AU39: /
O40: びゃ
A41: 親指段 | P41: muhenkan | T41: space | AL41: henkan | AP41: kana
A44: ■ 3キー同時レイヤー 04
A45: シフトキー | B45: j | G45: i | L45: ← これらのキーすべてと同時に押したときの、かなを下に記入します
A46: 数字段 | F46: 1 | J46: 2 | N46: 3 | R46: 4 | V46: 5 | Z46: 6 | AD46: 7 | AH46: 8 | AL46: 9 | AP46: 0 | AT46: - | AX46: =
A48: 上段 | H48: Q | L48: W | P48: E | T48: R | X48: T | AB48: Y | AF48: U | AJ48: I | AN48: O | AR48: P | AV48: [ | AZ48: ]
L49: ぎょ | T49: じょ
A50: 中段 | I50: A | M50: S | Q50: D | U50: F | Y50: G | AC50: H | AG50: J | AK50: K | AO50: L | AS50: ; | AW50: '
Y51: ぢょ
A52: 下段 | K52: Z | O52: X | S52: C | W52: V | AA52: B | AE52: N | AI52: M | AM52: , | AQ52: . | AU52: /
O53: びょ
A54: 親指段 | P54: muhenkan | T54: space | AL54: henkan | AP54: kana
A57: ■ 3キー同時レイヤー 05
A58: シフトキー | B58: j | G58: p | L58: ← これらのキーすべてと同時に押したときの、かなを下に記入します
A59: 数字段 | F59: 1 | J59: 2 | N59: 3 | R59: 4 | V59: 5 | Z59: 6 | AD59: 7 | AH59: 8 | AL59: 9 | AP59: 0 | AT59: - | AX59: =
A61: 上段 | H61: Q | L61: W | P61: E | T61: R | X61: T | AB61: Y | AF61: U | AJ61: I | AN61: O | AR61: P | AV61: [ | AZ61: ]
L62: ぎゅ | T62: じゅ
A63: 中段 | I63: A | M63: S | Q63: D | U63: F | Y63: G | AC63: H | AG63: J | AK63: K | AO63: L | AS63: ; | AW63: '
Y64: ぢゅ
A65: 下段 | K65: Z | O65: X | S65: C | W65: V | AA65: B | AE65: N | AI65: M | AM65: , | AQ65: . | AU65: /
O66: びゅ
A67: 親指段 | P67: muhenkan | T67: space | AL67: henkan | AP67: kana
A70: ■ 3キー同時レイヤー 06
A71: シフトキー | B71: m | G71: i | L71: ← これらのキーすべてと同時に押したときの、かなを下に記入します
A72: 数字段 | F72: 1 | J72: 2 | N72: 3 | R72: 4 | V72: 5 | Z72: 6 | AD72: 7 | AH72: 8 | AL72: 9 | AP72: 0 | AT72: - | AX72: =
A74: 上段 | H74: Q | L74: W | P74: E | T74: R | X74: T | AB74: Y | AF74: U | AJ74: I | AN74: O | AR74: P | AV74: [ | AZ74: ]
A76: 中段 | I76: A | M76: S | Q76: D | U76: F | Y76: G | AC76: H | AG76: J | AK76: K | AO76: L | AS76: ; | AW76: '
A78: 下段 | K78: Z | O78: X | S78: C | W78: V | AA78: B | AE78: N | AI78: M | AM78: , | AQ78: . | AU78: /
O79: ぴょ
A80: 親指段 | P80: muhenkan | T80: space | AL80: henkan | AP80: kana
A83: ■ 3キー同時レイヤー 07
A84: シフトキー | B84: v | G84: l | L84: ← これらのキーすべてと同時に押したときの、かなを下に記入します
A85: 数字段 | F85: 1 | J85: 2 | N85: 3 | R85: 4 | V85: 5 | Z85: 6 | AD85: 7 | AH85: 8 | AL85: 9 | AP85: 0 | AT85: - | AX85: =
A87: 上段 | H87: Q | L87: W | P87: E | T87: R | X87: T | AB87: Y | AF87: U | AJ87: I | AN87: O | AR87: P | AV87: [ | AZ87: ]
AN88: うぇ
A89: 中段 | I89: A | M89: S | Q89: D | U89: F | Y89: G | AC89: H | AG89: J | AK89: K | AO89: L | AS89: ; | AW89: '
AG90: つぁ | AK90: うぃ
A91: 下段 | K91: Z | O91: X | S91: C | W91: V | AA91: B | AE91: N | AI91: M | AM91: , | AQ91: . | AU91: /
AE92: うぉ
A93: 親指段 | P93: muhenkan | T93: space | AL93: henkan | AP93: kana
A96: ■ 3キー同時レイヤー 08
A97: シフトキー | B97: f | G97: l | L97: ← これらのキーすべてと同時に押したときの、かなを下に記入します
A98: 数字段 | F98: 1 | J98: 2 | N98: 3 | R98: 4 | V98: 5 | Z98: 6 | AD98: 7 | AH98: 8 | AL98: 9 | AP98: 0 | AT98: - | AX98: =
A100: 上段 | H100: Q | L100: W | P100: E | T100: R | X100: T | AB100: Y | AF100: U | AJ100: I | AN100: O | AR100: P | AV100: [ | AZ100: ]
AN101: ゔぇ | AR101: ゔゅ
A102: 中段 | I102: A | M102: S | Q102: D | U102: F | Y102: G | AC102: H | AG102: J | AK102: K | AO102: L | AS102: ; | AW102: '
AG103: ゔぁ | AK103: ゔぃ
A104: 下段 | K104: Z | O104: X | S104: C | W104: V | AA104: B | AE104: N | AI104: M | AM104: , | AQ104: . | AU104: /
AE105: ゔぉ
A106: 親指段 | P106: muhenkan | T106: space | AL106: henkan | AP106: kana
A109: ■ 3キー同時レイヤー 09
A110: シフトキー | B110: f | G110: ; | L110: ← これらのキーすべてと同時に押したときの、かなを下に記入します
A111: 数字段 | F111: 1 | J111: 2 | N111: 3 | R111: 4 | V111: 5 | Z111: 6 | AD111: 7 | AH111: 8 | AL111: 9 | AP111: 0 | AT111: - | AX111: =
A113: 上段 | H113: Q | L113: W | P113: E | T113: R | X113: T | AB113: Y | AF113: U | AJ113: I | AN113: O | AR113: P | AV113: [ | AZ113: ]
A115: 中段 | I115: A | M115: S | Q115: D | U115: F | Y115: G | AC115: H | AG115: J | AK115: K | AO115: L | AS115: ; | AW115: '
AO116: ゔ
A117: 下段 | K117: Z | O117: X | S117: C | W117: V | AA117: B | AE117: N | AI117: M | AM117: , | AQ117: . | AU117: /
A119: 親指段 | P119: muhenkan | T119: space | AL119: henkan | AP119: kana
A122: ■ 3キー同時レイヤー 10
A123: シフトキー | B123: m | G123: o | L123: ← これらのキーすべてと同時に押したときの、かなを下に記入します
A124: 数字段 | F124: 1 | J124: 2 | N124: 3 | R124: 4 | V124: 5 | Z124: 6 | AD124: 7 | AH124: 8 | AL124: 9 | AP124: 0 | AT124: - | AX124: =
A126: 上段 | H126: Q | L126: W | P126: E | T126: R | X126: T | AB126: Y | AF126: U | AJ126: I | AN126: O | AR126: P | AV126: [ | AZ126: ]
T127: しぇ
A128: 中段 | I128: A | M128: S | Q128: D | U128: F | Y128: G | AC128: H | AG128: J | AK128: K | AO128: L | AS128: ; | AW128: '
Y129: ちぇ
A130: 下段 | K130: Z | O130: X | S130: C | W130: V | AA130: B | AE130: N | AI130: M | AM130: , | AQ130: . | AU130: /
A132: 親指段 | P132: muhenkan | T132: space | AL132: henkan | AP132: kana
A135: ■ 3キー同時レイヤー 11
A136: シフトキー | B136: v | G136: o | L136: ← これらのキーすべてと同時に押したときの、かなを下に記入します
A137: 数字段 | F137: 1 | J137: 2 | N137: 3 | R137: 4 | V137: 5 | Z137: 6 | AD137: 7 | AH137: 8 | AL137: 9 | AP137: 0 | AT137: - | AX137: =
A139: 上段 | H139: Q | L139: W | P139: E | T139: R | X139: T | AB139: Y | AF139: U | AJ139: I | AN139: O | AR139: P | AV139: [ | AZ139: ]
A141: 中段 | I141: A | M141: S | Q141: D | U141: F | Y141: G | AC141: H | AG141: J | AK141: K | AO141: L | AS141: ; | AW141: '
...

Sheet 4キー同時
A1: 4キー同時レイヤー
A2: シフトキー3つと文字キーの同時打鍵
A3: 使わないレイヤーは、シフトキー欄を空欄のままにしてください。そのレイヤーは無視されます。
A5: ■ 4キー同時レイヤー 01
A6: シフトキー | Q6: ← これらのキーすべてと同時に押したときの、かなを下に記入します
A7: 数字段 | F7: 1 | J7: 2 | N7: 3 | R7: 4 | V7: 5 | Z7: 6 | AD7: 7 | AH7: 8 | AL7: 9 | AP7: 0 | AT7: - | AX7: =
A9: 上段 | H9: Q | L9: W | P9: E | T9: R | X9: T | AB9: Y | AF9: U | AJ9: I | AN9: O | AR9: P | AV9: [ | AZ9: ]
A11: 中段 | I11: A | M11: S | Q11: D | U11: F | Y11: G | AC11: H | AG11: J | AK11: K | AO11: L | AS11: ; | AW11: '
A13: 下段 | K13: Z | O13: X | S13: C | W13: V | AA13: B | AE13: N | AI13: M | AM13: , | AQ13: . | AU13: /
A15: 親指段 | P15: muhenkan | T15: space | AL15: henkan | AP15: kana
A18: ■ 4キー同時レイヤー 02
A19: シフトキー | Q19: ← これらのキーすべてと同時に押したときの、かなを下に記入します
A20: 数字段 | F20: 1 | J20: 2 | N20: 3 | R20: 4 | V20: 5 | Z20: 6 | AD20: 7 | AH20: 8 | AL20: 9 | AP20: 0 | AT20: - | AX20: =
A22: 上段 | H22: Q | L22: W | P22: E | T22: R | X22: T | AB22: Y | AF22: U | AJ22: I | AN22: O | AR22: P | AV22: [ | AZ22: ]
A24: 中段 | I24: A | M24: S | Q24: D | U24: F | Y24: G | AC24: H | AG24: J | AK24: K | AO24: L | AS24: ; | AW24: '
A26: 下段 | K26: Z | O26: X | S26: C | W26: V | AA26: B | AE26: N | AI26: M | AM26: , | AQ26: . | AU26: /
A28: 親指段 | P28: muhenkan | T28: space | AL28: henkan | AP28: kana
A31: ■ 4キー同時レイヤー 03
A32: シフトキー | Q32: ← これらのキーすべてと同時に押したときの、かなを下に記入します
A33: 数字段 | F33: 1 | J33: 2 | N33: 3 | R33: 4 | V33: 5 | Z33: 6 | AD33: 7 | AH33: 8 | AL33: 9 | AP33: 0 | AT33: - | AX33: =
A35: 上段 | H35: Q | L35: W | P35: E | T35: R | X35: T | AB35: Y | AF35: U | AJ35: I | AN35: O | AR35: P | AV35: [ | AZ35: ]
A37: 中段 | I37: A | M37: S | Q37: D | U37: F | Y37: G | AC37: H | AG37: J | AK37: K | AO37: L | AS37: ; | AW37: '
A39: 下段 | K39: Z | O39: X | S39: C | W39: V | AA39: B | AE39: N | AI39: M | AM39: , | AQ39: . | AU39: /
A41: 親指段 | P41: muhenkan | T41: space | AL41: henkan | AP41: kana
A44: ■ 4キー同時レイヤー 04
A45: シフトキー | Q45: ← これらのキーすべてと同時に押したときの、かなを下に記入します
A46: 数字段 | F46: 1 | J46: 2 | N46: 3 | R46: 4 | V46: 5 | Z46: 6 | AD46: 7 | AH46: 8 | AL46: 9 | AP46: 0 | AT46: - | AX46: =
A48: 上段 | H48: Q | L48: W | P48: E | T48: R | X48: T | AB48: Y | AF48: U | AJ48: I | AN48: O | AR48: P | AV48: [ | AZ48: ]
A50: 中段 | I50: A | M50: S | Q50: D | U50: F | Y50: G | AC50: H | AG50: J | AK50: K | AO50: L | AS50: ; | AW50: '
A52: 下段 | K52: Z | O52: X | S52: C | W52: V | AA52: B | AE52: N | AI52: M | AM52: , | AQ52: . | AU52: /
A54: 親指段 | P54: muhenkan | T54: space | AL54: henkan | AP54: kana
A57: ■ 4キー同時レイヤー 05
A58: シフトキー | Q58: ← これらのキーすべてと同時に押したときの、かなを下に記入します
A59: 数字段 | F59: 1 | J59: 2 | N59: 3 | R59: 4 | V59: 5 | Z59: 6 | AD59: 7 | AH59: 8 | AL59: 9 | AP59: 0 | AT59: - | AX59: =
A61: 上段 | H61: Q | L61: W | P61: E | T61: R | X61: T | AB61: Y | AF61: U | AJ61: I | AN61: O | AR61: P | AV61: [ | AZ61: ]
A63: 中段 | I63: A | M63: S | Q63: D | U63: F | Y63: G | AC63: H | AG63: J | AK63: K | AO63: L | AS63: ; | AW63: '
A65: 下段 | K65: Z | O65: X | S65: C | W65: V | AA65: B | AE65: N | AI65: M | AM65: , | AQ65: . | AU65: /
A67: 親指段 | P67: muhenkan | T67: space | AL67: henkan | AP67: kana
A70: ■ 4キー同時レイヤー 06
A71: シフトキー | Q71: ← これらのキーすべてと同時に押したときの、かなを下に記入します
A72: 数字段 | F72: 1 | J72: 2 | N72: 3 | R72: 4 | V72: 5 | Z72: 6 | AD72: 7 | AH72: 8 | AL72: 9 | AP72: 0 | AT72: - | AX72: =
A74: 上段 | H74: Q | L74: W | P74: E | T74: R | X74: T | AB74: Y | AF74: U | AJ74: I | AN74: O | AR74: P | AV74: [ | AZ74: ]
A76: 中段 | I76: A | M76: S | Q76: D | U76: F | Y76: G | AC76: H | AG76: J | AK76: K | AO76: L | AS76: ; | AW76: '
A78: 下段 | K78: Z | O78: X | S78: C | W78: V | AA78: B | AE78: N | AI78: M | AM78: , | AQ78: . | AU78: /
A80: 親指段 | P80: muhenkan | T80: space | AL80: henkan | AP80: kana
A83: ■ 4キー同時レイヤー 07
A84: シフトキー | Q84: ← これらのキーすべてと同時に押したときの、かなを下に記入します
A85: 数字段 | F85: 1 | J85: 2 | N85: 3 | R85: 4 | V85: 5 | Z85: 6 | AD85: 7 | AH85: 8 | AL85: 9 | AP85: 0 | AT85: - | AX85: =
A87: 上段 | H87: Q | L87: W | P87: E | T87: R | X87: T | AB87: Y | AF87: U | AJ87: I | AN87: O | AR87: P | AV87: [ | AZ87: ]
A89: 中段 | I89: A | M89: S | Q89: D | U89: F | Y89: G | AC89: H | AG89: J | AK89: K | AO89: L | AS89: ; | AW89: '
A91: 下段 | K91: Z | O91: X | S91: C | W91: V | AA91: B | AE91: N | AI91: M | AM91: , | AQ91: . | AU91: /
A93: 親指段 | P93: muhenkan | T93: space | AL93: henkan | AP93: kana
A96: ■ 4キー同時レイヤー 08
A97: シフトキー | Q97: ← これらのキーすべてと同時に押したときの、かなを下に記入します
A98: 数字段 | F98: 1 | J98: 2 | N98: 3 | R98: 4 | V98: 5 | Z98: 6 | AD98: 7 | AH98: 8 | AL98: 9 | AP98: 0 | AT98: - | AX98: =
A100: 上段 | H100: Q | L100: W | P100: E | T100: R | X100: T | AB100: Y | AF100: U | AJ100: I | AN100: O | AR100: P | AV100: [ | AZ100: ]
A102: 中段 | I102: A | M102: S | Q102: D | U102: F | Y102: G | AC102: H | AG102: J | AK102: K | AO102: L | AS102: ; | AW102: '
A104: 下段 | K104: Z | O104: X | S104: C | W104: V | AA104: B | AE104: N | AI104: M | AM104: , | AQ104: . | AU104: /
A106: 親指段 | P106: muhenkan | T106: space | AL106: henkan | AP106: kana
A109: ■ 4キー同時レイヤー 09
A110: シフトキー | Q110: ← これらのキーすべてと同時に押したときの、かなを下に記入します
A111: 数字段 | F111: 1 | J111: 2 | N111: 3 | R111: 4 | V111: 5 | Z111: 6 | AD111: 7 | AH111: 8 | AL111: 9 | AP111: 0 | AT111: - | AX111: =
A113: 上段 | H113: Q | L113: W | P113: E | T113: R | X113: T | AB113: Y | AF113: U | AJ113: I | AN113: O | AR113: P | AV113: [ | AZ113: ]
A115: 中段 | I115: A | M115: S | Q115: D | U115: F | Y115: G | AC115: H | AG115: J | AK115: K | AO115: L | AS115: ; | AW115: '
A117: 下段 | K117: Z | O117: X | S117: C | W117: V | AA117: B | AE117: N | AI117: M | AM117: , | AQ117: . | AU117: /
A119: 親指段 | P119: muhenkan | T119: space | AL119: henkan | AP119: kana
A122: ■ 4キー同時レイヤー 10
A123: シフトキー | Q123: ← これらのキーすべてと同時に押したときの、かなを下に記入します
A124: 数字段 | F124: 1 | J124: 2 | N124: 3 | R124: 4 | V124: 5 | Z124: 6 | AD124: 7 | AH124: 8 | AL124: 9 | AP124: 0 | AT124: - | AX124: =
A126: 上段 | H126: Q | L126: W | P126: E | T126: R | X126: T | AB126: Y | AF126: U | AJ126: I | AN126: O | AR126: P | AV126: [ | AZ126: ]
A128: 中段 | I128: A | M128: S | Q128: D | U128: F | Y128: G | AC128: H | AG128: J | AK128: K | AO128: L | AS128: ; | AW128: '
A130: 下段 | K130: Z | O130: X | S130: C | W130: V | AA130: B | AE130: N | AI130: M | AM130: , | AQ130: . | AU130: /
A132: 親指段 | P132: muhenkan | T132: space | AL132: henkan | AP132: kana
A135: ■ 4キー同時レイヤー 11
A136: シフトキー | Q136: ← これらのキーすべてと同時に押したときの、かなを下に記入します
A137: 数字段 | F137: 1 | J137: 2 | N137: 3 | R137: 4 | V137: 5 | Z137: 6 | AD137: 7 | AH137: 8 | AL137: 9 | AP137: 0 | AT137: - | AX137: =
A139: 上段 | H139: Q | L139: W | P139: E | T139: R | X139: T | AB139: Y | AF139: U | AJ139: I | AN139: O | AR139: P | AV139: [ | AZ139: ]
A141: 中段 | I141: A | M141: S | Q141: D | U141: F | Y141: G | AC141: H | AG141: J | AK141: K | AO141: L | AS141: ; | AW141: '
A143: 下段 | K143: Z | O143: X | S143: C | W143: V | AA143: B | AE143: N | AI143: M | AM143: , | AQ143: . | AU143: /
A145: 親指段 | P145: muhenkan | T145: space | AL145: henkan | AP145: kana
A148: ■ 4キー同時レイヤー 12
A149: シフトキー | Q149: ← これらのキーすべてと同時に押したときの、かなを下に記入します
A150: 数字段 | F150: 1 | J150: 2 | N150: 3 | R150: 4 | V150: 5 | Z150: 6 | AD150: 7 | AH150: 8 | AL150: 9 | AP150: 0 | AT150: - | AX150: =
A152: 上段 | H152: Q | L152: W | P152: E | T152: R | X152: T | AB152: Y | AF152: U | AJ152: I | AN152: O | AR152: P | AV152: [ | AZ152: ]
A154: 中段 | I154: A | M154: S | Q154: D | U154: F | Y154: G | AC154: H | AG154: J | AK154: K | AO154: L | AS154: ; | AW154: '
A156: 下段 | K156: Z | O156: X | S156: C | W156: V | AA156: B | AE156: N | AI156: M | AM156: , | AQ156: . | AU156: /
A158: 親指段 | P158: muhenkan | T158: space | AL158: henkan | AP158: kana
A161: ■ 4キー同時レイヤー 13
A162: シフトキー | Q162: ← これらのキーすべてと同時に押したときの、かなを下に記入します
A163: 数字段 | F163: 1 | J163: 2 | N163: 3 | R163: 4 | V163: 5 | Z163: 6 | AD163: 7 | AH163: 8 | AL163: 9 | AP163: 0 | AT163: - | AX163: =
A165: 上段 | H165: Q | L165: W | P165: E | T165: R | X165: T | AB165: Y | AF165: U | AJ165: I | AN165: O | AR165: P | AV165: [ | AZ165: ]
A167: 中段 | I167: A | M167: S | Q167: D | U167: F | Y167: G | AC167: H | AG167: J | AK167: K | AO167: L | AS167: ; | AW167: '
A169: 下段 | K169: Z | O169: X | S169: C | W169: V | AA169: B | AE169: N | AI169: M | AM169: , | AQ169: . | AU169: /
A171: 親指段 | P171: muhenkan | T171: space | AL171: henkan | AP171: kana
A174: ■ 4キー同時レイヤー 14
A175: シフトキー | Q175: ← これらのキーすべてと同時に押したときの、かなを下に記入します
A176: 数字段 | F176: 1 | J176: 2 | N176: 3 | R176: 4 | V176: 5 | Z176: 6 | AD176: 7 | AH176: 8 | AL176: 9 | AP176: 0 | AT176: - | AX176: =
A178: 上段 | H178: Q | L178: W | P178: E | T178: R | X178: T | AB178: Y | AF178: U | AJ178: I | AN178: O | AR178: P | AV178: [ | AZ178: ]
A180: 中段 | I180: A | M180: S | Q180: D | U180: F | Y180: G | AC180: H | AG180: J | AK180: K | AO180: L | AS180: ; | AW180: '
A182: 下段 | K182: Z | O182: X | S182: C | W182: V | AA182: B | AE182: N | AI182: M | AM182: , | AQ182: . | AU182: /
...

Sheet 個別指定
A1: 個別指定（正データ）
A2: キー1〜4・打鍵タイプは、各レイヤーシートから自動で反映されます（青字）。手で直接入力すると、その行は手入力が優先されます。
A3: 文字キー同士の同時打鍵（でぃ = t + l など）や連続打鍵は、ここに直接記入してください。
A5: かな | B5: グループ | C5: キー1 | D5: キー2 | E5: キー3 | F5: キー4 | G5: 打鍵タイプ | H5: 備考
A6: 【例】でぃ | B6: 外来音 | C6: t | D6: l | G6: 同時 | H6: 文字キー同士の同時打鍵（手入力）
A7: あ | B7: 清音 | C7: =IFERROR(INDEX(_対応表!$H$2:$H$4460,MATCH($A7,_対応表!$G$2:$G$4460,0)),"") -> j | D7: =IFERROR(INDEX(_対応表!$I$2:$I$4460,MATCH($A7,_対応表!$G$2:$G$4460,0)),"") | E7: =IFERROR(INDEX(_対応表!$J$2:$J$4460,MATCH($A7,_対応表!$G$2:$G$4460,0)),"") | F7: =IFERROR(INDEX(_対応表!$K$2:$K$4460,MATCH($A7,_対応表!$G$2:$G$4460,0)),"") | G7: =IFERROR(INDEX(_対応表!$L$2:$L$4460,MATCH($A7,_対応表!$G$2:$G$4460,0)),"")
A8: い | B8: 清音 | C8: =IFERROR(INDEX(_対応表!$H$2:$H$4460,MATCH($A8,_対応表!$G$2:$G$4460,0)),"") -> k | D8: =IFERROR(INDEX(_対応表!$I$2:$I$4460,MATCH($A8,_対応表!$G$2:$G$4460,0)),"") | E8: =IFERROR(INDEX(_対応表!$J$2:$J$4460,MATCH($A8,_対応表!$G$2:$G$4460,0)),"") | F8: =IFERROR(INDEX(_対応表!$K$2:$K$4460,MATCH($A8,_対応表!$G$2:$G$4460,0)),"") | G8: =IFERROR(INDEX(_対応表!$L$2:$L$4460,MATCH($A8,_対応表!$G$2:$G$4460,0)),"")
A9: う | B9: 清音 | C9: =IFERROR(INDEX(_対応表!$H$2:$H$4460,MATCH($A9,_対応表!$G$2:$G$4460,0)),"") -> l | D9: =IFERROR(INDEX(_対応表!$I$2:$I$4460,MATCH($A9,_対応表!$G$2:$G$4460,0)),"") | E9: =IFERROR(INDEX(_対応表!$J$2:$J$4460,MATCH($A9,_対応表!$G$2:$G$4460,0)),"") | F9: =IFERROR(INDEX(_対応表!$K$2:$K$4460,MATCH($A9,_対応表!$G$2:$G$4460,0)),"") | G9: =IFERROR(INDEX(_対応表!$L$2:$L$4460,MATCH($A9,_対応表!$G$2:$G$4460,0)),"")
A10: え | B10: 清音 | C10: =IFERROR(INDEX(_対応表!$H$2:$H$4460,MATCH($A10,_対応表!$G$2:$G$4460,0)),"") -> space | D10: =IFERROR(INDEX(_対応表!$I$2:$I$4460,MATCH($A10,_対応表!$G$2:$G$4460,0)),"") -> o | E10: =IFERROR(INDEX(_対応表!$J$2:$J$4460,MATCH($A10,_対応表!$G$2:$G$4460,0)),"") | F10: =IFERROR(INDEX(_対応表!$K$2:$K$4460,MATCH($A10,_対応表!$G$2:$G$4460,0)),"") | G10: =IFERROR(INDEX(_対応表!$L$2:$L$4460,MATCH($A10,_対応表!$G$2:$G$4460,0)),"") -> 同時
A11: お | B11: 清音 | C11: =IFERROR(INDEX(_対応表!$H$2:$H$4460,MATCH($A11,_対応表!$G$2:$G$4460,0)),"") -> space | D11: =IFERROR(INDEX(_対応表!$I$2:$I$4460,MATCH($A11,_対応表!$G$2:$G$4460,0)),"") -> n | E11: =IFERROR(INDEX(_対応表!$J$2:$J$4460,MATCH($A11,_対応表!$G$2:$G$4460,0)),"") | F11: =IFERROR(INDEX(_対応表!$K$2:$K$4460,MATCH($A11,_対応表!$G$2:$G$4460,0)),"") | G11: =IFERROR(INDEX(_対応表!$L$2:$L$4460,MATCH($A11,_対応表!$G$2:$G$4460,0)),"") -> 同時
A12: か | B12: 清音 | C12: =IFERROR(INDEX(_対応表!$H$2:$H$4460,MATCH($A12,_対応表!$G$2:$G$4460,0)),"") -> f | D12: =IFERROR(INDEX(_対応表!$I$2:$I$4460,MATCH($A12,_対応表!$G$2:$G$4460,0)),"") | E12: =IFERROR(INDEX(_対応表!$J$2:$J$4460,MATCH($A12,_対応表!$G$2:$G$4460,0)),"") | F12: =IFERROR(INDEX(_対応表!$K$2:$K$4460,MATCH($A12,_対応表!$G$2:$G$4460,0)),"") | G12: =IFERROR(INDEX(_対応表!$L$2:$L$4460,MATCH($A12,_対応表!$G$2:$G$4460,0)),"")
A13: き | B13: 清音 | C13: =IFERROR(INDEX(_対応表!$H$2:$H$4460,MATCH($A13,_対応表!$G$2:$G$4460,0)),"") -> w | D13: =IFERROR(INDEX(_対応表!$I$2:$I$4460,MATCH($A13,_対応表!$G$2:$G$4460,0)),"") | E13: =IFERROR(INDEX(_対応表!$J$2:$J$4460,MATCH($A13,_対応表!$G$2:$G$4460,0)),"") | F13: =IFERROR(INDEX(_対応表!$K$2:$K$4460,MATCH($A13,_対応表!$G$2:$G$4460,0)),"") | G13: =IFERROR(INDEX(_対応表!$L$2:$L$4460,MATCH($A13,_対応表!$G$2:$G$4460,0)),"")
A14: く | B14: 清音 | C14: =IFERROR(INDEX(_対応表!$H$2:$H$4460,MATCH($A14,_対応表!$G$2:$G$4460,0)),"") -> h | D14: =IFERROR(INDEX(_対応表!$I$2:$I$4460,MATCH($A14,_対応表!$G$2:$G$4460,0)),"") | E14: =IFERROR(INDEX(_対応表!$J$2:$J$4460,MATCH($A14,_対応表!$G$2:$G$4460,0)),"") | F14: =IFERROR(INDEX(_対応表!$K$2:$K$4460,MATCH($A14,_対応表!$G$2:$G$4460,0)),"") | G14: =IFERROR(INDEX(_対応表!$L$2:$L$4460,MATCH($A14,_対応表!$G$2:$G$4460,0)),"")
A15: け | B15: 清音 | C15: =IFERROR(INDEX(_対応表!$H$2:$H$4460,MATCH($A15,_対応表!$G$2:$G$4460,0)),"") -> s | D15: =IFERROR(INDEX(_対応表!$I$2:$I$4460,MATCH($A15,_対応表!$G$2:$G$4460,0)),"") | E15: =IFERROR(INDEX(_対応表!$J$2:$J$4460,MATCH($A15,_対応表!$G$2:$G$4460,0)),"") | F15: =IFERROR(INDEX(_対応表!$K$2:$K$4460,MATCH($A15,_対応表!$G$2:$G$4460,0)),"") | G15: =IFERROR(INDEX(_対応表!$L$2:$L$4460,MATCH($A15,_対応表!$G$2:$G$4460,0)),"")
A16: こ | B16: 清音 | C16: =IFERROR(INDEX(_対応表!$H$2:$H$4460,MATCH($A16,_対応表!$G$2:$G$4460,0)),"") -> v | D16: =IFERROR(INDEX(_対応表!$I$2:$I$4460,MATCH($A16,_対応表!$G$2:$G$4460,0)),"") | E16: =IFERROR(INDEX(_対応表!$J$2:$J$4460,MATCH($A16,_対応表!$G$2:$G$4460,0)),"") | F16: =IFERROR(INDEX(_対応表!$K$2:$K$4460,MATCH($A16,_対応表!$G$2:$G$4460,0)),"") | G16: =IFERROR(INDEX(_対応表!$L$2:$L$4460,MATCH($A16,_対応表!$G$2:$G$4460,0)),"")
A17: さ | B17: 清音 | C17: =IFERROR(INDEX(_対応表!$H$2:$H$4460,MATCH($A17,_対応表!$G$2:$G$4460,0)),"") -> space | D17: =IFERROR(INDEX(_対応表!$I$2:$I$4460,MATCH($A17,_対応表!$G$2:$G$4460,0)),"") -> u | E17: =IFERROR(INDEX(_対応表!$J$2:$J$4460,MATCH($A17,_対応表!$G$2:$G$4460,0)),"") | F17: =IFERROR(INDEX(_対応表!$K$2:$K$4460,MATCH($A17,_対応表!$G$2:$G$4460,0)),"") | G17: =IFERROR(INDEX(_対応表!$L$2:$L$4460,MATCH($A17,_対応表!$G$2:$G$4460,0)),"") -> 同時
A18: し | B18: 清音 | C18: =IFERROR(INDEX(_対応表!$H$2:$H$4460,MATCH($A18,_対応表!$G$2:$G$4460,0)),"") -> r | D18: =IFERROR(INDEX(_対応表!$I$2:$I$4460,MATCH($A18,_対応表!$G$2:$G$4460,0)),"") | E18: =IFERROR(INDEX(_対応表!$J$2:$J$4460,MATCH($A18,_対応表!$G$2:$G$4460,0)),"") | F18: =IFERROR(INDEX(_対応表!$K$2:$K$4460,MATCH($A18,_対応表!$G$2:$G$4460,0)),"") | G18: =IFERROR(INDEX(_対応表!$L$2:$L$4460,MATCH($A18,_対応表!$G$2:$G$4460,0)),"")
... A167: 」 | B167: 記号 | C167: =IFERROR(INDEX(_対応表!$H$2:$H$4460,MATCH($A167,_対応表!$G$2:$G$4460,0)),"") -> j | D167: =IFERROR(INDEX(_対応表!$I$2:$I$4460,MATCH($A167,_対応表!$G$2:$G$4460,0)),"") -> k | E167: =IFERROR(INDEX(_対応表!$J$2:$J$4460,MATCH($A167,_対応表!$G$2:$G$4460,0)),"") -> v | F167: =IFERROR(INDEX(_対応表!$K$2:$K$4460,MATCH($A167,_対応表!$G$2:$G$4460,0)),"") | G167: =IFERROR(INDEX(_対応表!$L$2:$L$4460,MATCH($A167,_対応表!$G$2:$G$4460,0)),"") -> 同時

Sheet _対応表
A1: シート | B1: レイヤー | C1: キーID | D1: シフト1 | E1: シフト2 | F1: シフト3 | G1: かな | H1: キー1 | I1: キー2 | J1: キー3 | K1: キー4 | L1: 打鍵タイプ | M1: 個別指定に行があるか | N1: 重複
A2: 単打 | B2: 単打 | C2: 1 | D2: ="" | E2: ="" | F2: ="" | G2: =IF(単打!F11="","",SUBSTITUTE(SUBSTITUTE(単打!F11," ","")," ","")) | H2: =IF($G2="","","1") | I2: ="" | J2: ="" | K2: ="" | L2: ="" | M2: =IF($G2="","",IF(ISNA(MATCH($G2,個別指定!$A:$A,0)),"行なし","")) | N2: =IF($G2="","",IF(COUNTIF($G$2:$G$4460,$G2)>1,"重複",""))
A3: 単打 | B3: 単打 | C3: 2 | D3: ="" | E3: ="" | F3: ="" | G3: =IF(単打!J11="","",SUBSTITUTE(SUBSTITUTE(単打!J11," ","")," ","")) | H3: =IF($G3="","","2") | I3: ="" | J3: ="" | K3: ="" | L3: ="" | M3: =IF($G3="","",IF(ISNA(MATCH($G3,個別指定!$A:$A,0)),"行なし","")) | N3: =IF($G3="","",IF(COUNTIF($G$2:$G$4460,$G3)>1,"重複",""))
A4: 単打 | B4: 単打 | C4: 3 | D4: ="" | E4: ="" | F4: ="" | G4: =IF(単打!N11="","",SUBSTITUTE(SUBSTITUTE(単打!N11," ","")," ","")) | H4: =IF($G4="","","3") | I4: ="" | J4: ="" | K4: ="" | L4: ="" | M4: =IF($G4="","",IF(ISNA(MATCH($G4,個別指定!$A:$A,0)),"行なし","")) | N4: =IF($G4="","",IF(COUNTIF($G$2:$G$4460,$G4)>1,"重複",""))
A5: 単打 | B5: 単打 | C5: 4 | D5: ="" | E5: ="" | F5: ="" | G5: =IF(単打!R11="","",SUBSTITUTE(SUBSTITUTE(単打!R11," ","")," ","")) | H5: =IF($G5="","","4") | I5: ="" | J5: ="" | K5: ="" | L5: ="" | M5: =IF($G5="","",IF(ISNA(MATCH($G5,個別指定!$A:$A,0)),"行なし","")) | N5: =IF($G5="","",IF(COUNTIF($G$2:$G$4460,$G5)>1,"重複",""))
A6: 単打 | B6: 単打 | C6: 5 | D6: ="" | E6: ="" | F6: ="" | G6: =IF(単打!V11="","",SUBSTITUTE(SUBSTITUTE(単打!V11," ","")," ","")) | H6: =IF($G6="","","5") | I6: ="" | J6: ="" | K6: ="" | L6: ="" | M6: =IF($G6="","",IF(ISNA(MATCH($G6,個別指定!$A:$A,0)),"行なし","")) | N6: =IF($G6="","",IF(COUNTIF($G$2:$G$4460,$G6)>1,"重複",""))
A7: 単打 | B7: 単打 | C7: 6 | D7: ="" | E7: ="" | F7: ="" | G7: =IF(単打!Z11="","",SUBSTITUTE(SUBSTITUTE(単打!Z11," ","")," ","")) | H7: =IF($G7="","","6") | I7: ="" | J7: ="" | K7: ="" | L7: ="" | M7: =IF($G7="","",IF(ISNA(MATCH($G7,個別指定!$A:$A,0)),"行なし","")) | N7: =IF($G7="","",IF(COUNTIF($G$2:$G$4460,$G7)>1,"重複",""))
A8: 単打 | B8: 単打 | C8: 7 | D8: ="" | E8: ="" | F8: ="" | G8: =IF(単打!AD11="","",SUBSTITUTE(SUBSTITUTE(単打!AD11," ","")," ","")) | H8: =IF($G8="","","7") | I8: ="" | J8: ="" | K8: ="" | L8: ="" | M8: =IF($G8="","",IF(ISNA(MATCH($G8,個別指定!$A:$A,0)),"行なし","")) | N8: =IF($G8="","",IF(COUNTIF($G$2:$G$4460,$G8)>1,"重複",""))
A9: 単打 | B9: 単打 | C9: 8 | D9: ="" | E9: ="" | F9: ="" | G9: =IF(単打!AH11="","",SUBSTITUTE(SUBSTITUTE(単打!AH11," ","")," ","")) | H9: =IF($G9="","","8") | I9: ="" | J9: ="" | K9: ="" | L9: ="" | M9: =IF($G9="","",IF(ISNA(MATCH($G9,個別指定!$A:$A,0)),"行なし","")) | N9: =IF($G9="","",IF(COUNTIF($G$2:$G$4460,$G9)>1,"重複",""))
A10: 単打 | B10: 単打 | C10: 9 | D10: ="" | E10: ="" | F10: ="" | G10: =IF(単打!AL11="","",SUBSTITUTE(SUBSTITUTE(単打!AL11," ","")," ","")) | H10: =IF($G10="","","9") | I10: ="" | J10: ="" | K10: ="" | L10: ="" | M10: =IF($G10="","",IF(ISNA(MATCH($G10,個別指定!$A:$A,0)),"行なし","")) | N10: =IF($G10="","",IF(COUNTIF($G$2:$G$4460,$G10)>1,"重複",""))
A11: 単打 | B11: 単打 | C11: 0 | D11: ="" | E11: ="" | F11: ="" | G11: =IF(単打!AP11="","",SUBSTITUTE(SUBSTITUTE(単打!AP11," ","")," ","")) | H11: =IF($G11="","","0") | I11: ="" | J11: ="" | K11: ="" | L11: ="" | M11: =IF($G11="","",IF(ISNA(MATCH($G11,個別指定!$A:$A,0)),"行なし","")) | N11: =IF($G11="","",IF(COUNTIF($G$2:$G$4460,$G11)>1,"重複",""))
A12: 単打 | B12: 単打 | C12: - | D12: ="" | E12: ="" | F12: ="" | G12: =IF(単打!AT11="","",SUBSTITUTE(SUBSTITUTE(単打!AT11," ","")," ","")) | H12: =IF($G12="","","-") | I12: ="" | J12: ="" | K12: ="" | L12: ="" | M12: =IF($G12="","",IF(ISNA(MATCH($G12,個別指定!$A:$A,0)),"行なし","")) | N12: =IF($G12="","",IF(COUNTIF($G$2:$G$4460,$G12)>1,"重複",""))
A13: 単打 | B13: 単打 | C13: = | D13: ="" | E13: ="" | F13: ="" | G13: =IF(単打!AX11="","",SUBSTITUTE(SUBSTITUTE(単打!AX11," ","")," ","")) | H13: =IF($G13="","","=") | I13: ="" | J13: ="" | K13: ="" | L13: ="" | M13: =IF($G13="","",IF(ISNA(MATCH($G13,個別指定!$A:$A,0)),"行なし","")) | N13: =IF($G13="","",IF(COUNTIF($G$2:$G$4460,$G13)>1,"重複",""))
A14: 単打 | B14: 単打 | C14: q | D14: ="" | E14: ="" | F14: ="" | G14: =IF(単打!H13="","",SUBSTITUTE(SUBSTITUTE(単打!H13," ","")," ","")) | H14: =IF($G14="","","q") | I14: ="" | J14: ="" | K14: ="" | L14: ="" | M14: =IF($G14="","",IF(ISNA(MATCH($G14,個別指定!$A:$A,0)),"行なし","")) | N14: =IF($G14="","",IF(COUNTIF($G$2:$G$4460,$G14)>1,"重複",""))
A15: 単打 | B15: 単打 | C15: w | D15: ="" | E15: ="" | F15: ="" | G15: =IF(単打!L13="","",SUBSTITUTE(SUBSTITUTE(単打!L13," ","")," ","")) -> き | H15: =IF($G15="","","w") -> w | I15: ="" | J15: ="" | K15: ="" | L15: ="" | M15: =IF($G15="","",IF(ISNA(MATCH($G15,個別指定!$A:$A,0)),"行なし","")) | N15: =IF($G15="","",IF(COUNTIF($G$2:$G$4460,$G15)>1,"重複",""))
A16: 単打 | B16: 単打 | C16: e | D16: ="" | E16: ="" | F16: ="" | G16: =IF(単打!P13="","",SUBSTITUTE(SUBSTITUTE(単打!P13," ","")," ","")) -> て | H16: =IF($G16="","","e") -> e | I16: ="" | J16: ="" | K16: ="" | L16: ="" | M16: =IF($G16="","",IF(ISNA(MATCH($G16,個別指定!$A:$A,0)),"行なし","")) | N16: =IF($G16="","",IF(COUNTIF($G$2:$G$4460,$G16)>1,"重複",""))
A17: 単打 | B17: 単打 | C17: r | D17: ="" | E17: ="" | F17: ="" | G17: =IF(単打!T13="","",SUBSTITUTE(SUBSTITUTE(単打!T13," ","")," ","")) -> し | H17: =IF($G17="","","r") -> r | I17: ="" | J17: ="" | K17: ="" | L17: ="" | M17: =IF($G17="","",IF(ISNA(MATCH($G17,個別指定!$A:$A,0)),"行なし","")) | N17: =IF($G17="","",IF(COUNTIF($G$2:$G$4460,$G17)>1,"重複",""))
A18: 単打 | B18: 単打 | C18: t | D18: ="" | E18: ="" | F18: ="" | G18: =IF(単打!X13="","",SUBSTITUTE(SUBSTITUTE(単打!X13," ","")," ","")) | H18: =IF($G18="","","t") | I18: ="" | J18: ="" | K18: ="" | L18: ="" | M18: =IF($G18="","",IF(ISNA(MATCH($G18,個別指定!$A:$A,0)),"行なし","")) | N18: =IF($G18="","",IF(COUNTIF($G$2:$G$4460,$G18)>1,"重複",""))
A19: 単打 | B19: 単打 | C19: y | D19: ="" | E19: ="" | F19: ="" | G19: =IF(単打!AB13="","",SUBSTITUTE(SUBSTITUTE(単打!AB13," ","")," ","")) | H19: =IF($G19="","","y") | I19: ="" | J19: ="" | K19: ="" | L19: ="" | M19: =IF($G19="","",IF(ISNA(MATCH($G19,個別指定!$A:$A,0)),"行なし","")) | N19: =IF($G19="","",IF(COUNTIF($G$2:$G$4460,$G19)>1,"重複",""))
A20: 単打 | B20: 単打 | C20: u | D20: ="" | E20: ="" | F20: ="" | G20: =IF(単打!AF13="","",SUBSTITUTE(SUBSTITUTE(単打!AF13," ","")," ","")) | H20: =IF($G20="","","u") | I20: ="" | J20: ="" | K20: ="" | L20: ="" | M20: =IF($G20="","",IF(ISNA(MATCH($G20,個別指定!$A:$A,0)),"行なし","")) | N20: =IF($G20="","",IF(COUNTIF($G$2:$G$4460,$G20)>1,"重複",""))
A21: 単打 | B21: 単打 | C21: i | D21: ="" | E21: ="" | F21: ="" | G21: =IF(単打!AJ13="","",SUBSTITUTE(SUBSTITUTE(単打!AJ13," ","")," ","")) -> る | H21: =IF($G21="","","i") -> i | I21: ="" | J21: ="" | K21: ="" | L21: ="" | M21: =IF($G21="","",IF(ISNA(MATCH($G21,個別指定!$A:$A,0)),"行なし","")) | N21: =IF($G21="","",IF(COUNTIF($G$2:$G$4460,$G21)>1,"重複",""))
A22: 単打 | B22: 単打 | C22: o | D22: ="" | E22: ="" | F22: ="" | G22: =IF(単打!AN13="","",SUBSTITUTE(SUBSTITUTE(単打!AN13," ","")," ","")) -> す | H22: =IF($G22="","","o") -> o | I22: ="" | J22: ="" | K22: ="" | L22: ="" | M22: =IF($G22="","",IF(ISNA(MATCH($G22,個別指定!$A:$A,0)),"行なし","")) | N22: =IF($G22="","",IF(COUNTIF($G$2:$G$4460,$G22)>1,"重複",""))
A23: 単打 | B23: 単打 | C23: p | D23: ="" | E23: ="" | F23: ="" | G23: =IF(単打!AR13="","",SUBSTITUTE(SUBSTITUTE(単打!AR13," ","")," ","")) -> へ | H23: =IF($G23="","","p") -> p | I23: ="" | J23: ="" | K23: ="" | L23: ="" | M23: =IF($G23="","",IF(ISNA(MATCH($G23,個別指定!$A:$A,0)),"行なし","")) | N23: =IF($G23="","",IF(COUNTIF($G$2:$G$4460,$G23)>1,"重複",""))
A24: 単打 | B24: 単打 | C24: [ | D24: ="" | E24: ="" | F24: ="" | G24: =IF(単打!AV13="","",SUBSTITUTE(SUBSTITUTE(単打!AV13," ","")," ","")) | H24: =IF($G24="","","[") | I24: ="" | J24: ="" | K24: ="" | L24: ="" | M24: =IF($G24="","",IF(ISNA(MATCH($G24,個別指定!$A:$A,0)),"行なし","")) | N24: =IF($G24="","",IF(COUNTIF($G$2:$G$4460,$G24)>1,"重複",""))
A25: 単打 | B25: 単打 | C25: ] | D25: ="" | E25: ="" | F25: ="" | G25: =IF(単打!AZ13="","",SUBSTITUTE(SUBSTITUTE(単打!AZ13," ","")," ","")) | H25: =IF($G25="","","]") | I25: ="" | J25: ="" | K25: ="" | L25: ="" | M25: =IF($G25="","",IF(ISNA(MATCH($G25,個別指定!$A:$A,0)),"行なし","")) | N25: =IF($G25="","",IF(COUNTIF($G$2:$G$4460,$G25)>1,"重複",""))
A26: 単打 | B26: 単打 | C26: a | D26: ="" | E26: ="" | F26: ="" | G26: =IF(単打!I15="","",SUBSTITUTE(SUBSTITUTE(単打!I15," ","")," ","")) -> ろ | H26: =IF($G26="","","a") -> a | I26: ="" | J26: ="" | K26: ="" | L26: ="" | M26: =IF($G26="","",IF(ISNA(MATCH($G26,個別指定!$A:$A,0)),"行なし","")) | N26: =IF($G26="","",IF(COUNTIF($G$2:$G$4460,$G26)>1,"重複",""))
A27: 単打 | B27: 単打 | C27: s | D27: ="" | E27: ="" | F27: ="" | G27: =IF(単打!M15="","",SUBSTITUTE(SUBSTITUTE(単打!M15," ","")," ","")) -> け | H27: =IF($G27="","","s") -> s | I27: ="" | J27: ="" | K27: ="" | L27: ="" | M27: =IF($G27="","",IF(ISNA(MATCH($G27,個別指定!$A:$A,0)),"行なし","")) | N27: =IF($G27="","",IF(COUNTIF($G$2:$G$4460,$G27)>1,"重複",""))
A28: 単打 | B28: 単打 | C28: d | D28: ="" | E28: ="" | F28: ="" | G28: =IF(単打!Q15="","",SUBSTITUTE(SUBSTITUTE(単打!Q15," ","")," ","")) -> と | H28: =IF($G28="","","d") -> d | I28: ="" | J28: ="" | K28: ="" | L28: ="" | M28: =IF($G28="","",IF(ISNA(MATCH($G28,個別指定!$A:$A,0)),"行なし","")) | N28: =IF($G28="","",IF(COUNTIF($G$2:$G$4460,$G28)>1,"重複",""))
A29: 単打 | B29: 単打 | C29: f | D29: ="" | E29: ="" | F29: ="" | G29: =IF(単打!U15="","",SUBSTITUTE(SUBSTITUTE(単打!U15," ","")," ","")) -> か | H29: =IF($G29="","","f") -> f | I29: ="" | J29: ="" | K29: ="" | L29: ="" | M29: =IF($G29="","",IF(ISNA(MATCH($G29,個別指定!$A:$A,0)),"行なし","")) | N29: =IF($G29="","",IF(COUNTIF($G$2:$G$4460,$G29)>1,"重複",""))
A30: 単打 | B30: 単打 | C30: g | D30: ="" | E30: ="" | F30: ="" | G30: =IF(単打!Y15="","",SUBSTITUTE(SUBSTITUTE(単打!Y15," ","")," ","")) -> っ | H30: =IF($G30="","","g") -> g | I30: ="" | J30: ="" | K30: ="" | L30: ="" | M30: =IF($G30="","",IF(ISNA(MATCH($G30,個別指定!$A:$A,0)),"行なし","")) | N30: =IF($G30="","",IF(COUNTIF($G$2:$G$4460,$G30)>1,"重複",""))
A31: 単打 | B31: 単打 | C31: h | D31: ="" | E31: ="" | F31: ="" | G31: =IF(単打!AC15="","",SUBSTITUTE(SUBSTITUTE(単打!AC15," ","")," ","")) -> く | H31: =IF($G31="","","h") -> h | I31: ="" | J31: ="" | K31: ="" | L31: ="" | M31: =IF($G31="","",IF(ISNA(MATCH($G31,個別指定!$A:$A,0)),"行なし","")) | N31: =IF($G31="","",IF(COUNTIF($G$2:$G$4460,$G31)>1,"重複",""))
A32: 単打 | B32: 単打 | C32: j | D32: ="" | E32: ="" | F32: ="" | G32: =IF(単打!AG15="","",SUBSTITUTE(SUBSTITUTE(単打!AG15," ","")," ","")) -> あ | H32: =IF($G32="","","j") -> j | I32: ="" | J32: ="" | K32: ="" | L32: ="" | M32: =IF($G32="","",IF(ISNA(MATCH($G32,個別指定!$A:$A,0)),"行なし","")) | N32: =IF($G32="","",IF(COUNTIF($G$2:$G$4460,$G32)>1,"重複",""))
A33: 単打 | B33: 単打 | C33: k | D33: ="" | E33: ="" | F33: ="" | G33: =IF(単打!AK15="","",SUBSTITUTE(SUBSTITUTE(単打!AK15," ","")," ","")) -> い | H33: =IF($G33="","","k") -> k | I33: ="" | J33: ="" | K33: ="" | L33: ="" | M33: =IF($G33="","",IF(ISNA(MATCH($G33,個別指定!$A:$A,0)),"行なし","")) | N33: =IF($G33="","",IF(COUNTIF($G$2:$G$4460,$G33)>1,"重複",""))
A34: 単打 | B34: 単打 | C34: l | D34: ="" | E34: ="" | F34: ="" | G34: =IF(単打!AO15="","",SUBSTITUTE(SUBSTITUTE(単打!AO15," ","")," ","")) -> う | H34: =IF($G34="","","l") -> l | I34: ="" | J34: ="" | K34: ="" | L34: ="" | M34: =IF($G34="","",IF(ISNA(MATCH($G34,個別指定!$A:$A,0)),"行なし","")) | N34: =IF($G34="","",IF(COUNTIF($G$2:$G$4460,$G34)>1,"重複",""))
A35: 単打 | B35: 単打 | C35: ; | D35: ="" | E35: ="" | F35: ="" | G35: =IF(単打!AS15="","",SUBSTITUTE(SUBSTITUTE(単打!AS15," ","")," ","")) -> ー | H35: =IF($G35="","",";") -> ; | I35: ="" | J35: ="" | K35: ="" | L35: ="" | M35: =IF($G35="","",IF(ISNA(MATCH($G35,個別指定!$A:$A,0)),"行なし","")) | N35: =IF($G35="","",IF(COUNTIF($G$2:$G$4460,$G35)>1,"重複",""))
A36: 単打 | B36: 単打 | C36: ' | D36: ="" | E36: ="" | F36: ="" | G36: =IF(単打!AW15="","",SUBSTITUTE(SUBSTITUTE(単打!AW15," ","")," ","")) | H36: =IF($G36="","","'") | I36: ="" | J36: ="" | K36: ="" | L36: ="" | M36: =IF($G36="","",IF(ISNA(MATCH($G36,個別指定!$A:$A,0)),"行なし","")) | N36: =IF($G36="","",IF(COUNTIF($G$2:$G$4460,$G36)>1,"重複",""))
A37: 単打 | B37: 単打 | C37: z | D37: ="" | E37: ="" | F37: ="" | G37: =IF(単打!K17="","",SUBSTITUTE(SUBSTITUTE(単打!K17," ","")," ","")) -> ほ | H37: =IF($G37="","","z") -> z | I37: ="" | J37: ="" | K37: ="" | L37: ="" | M37: =IF($G37="","",IF(ISNA(MATCH($G37,個別指定!$A:$A,0)),"行なし","")) | N37: =IF($G37="","",IF(COUNTIF($G$2:$G$4460,$G37)>1,"重複",""))
A38: 単打 | B38: 単打 | C38: x | D38: ="" | E38: ="" | F38: ="" | G38: =IF(単打!O17="","",SUBSTITUTE(SUBSTITUTE(単打!O17," ","")," ","")) -> ひ | H38: =IF($G38="","","x") -> x | I38: ="" | J38: ="" | K38: ="" | L38: ="" | M38: =IF($G38="","",IF(ISNA(MATCH($G38,個別指定!$A:$A,0)),"行なし","")) | N38: =IF($G38="","",IF(COUNTIF($G$2:$G$4460,$G38)>1,"重複",""))
A39: 単打 | B39: 単打 | C39: c | D39: ="" | E39: ="" | F39: ="" | G39: =IF(単打!S17="","",SUBSTITUTE(SUBSTITUTE(単打!S17," ","")," ","")) -> は | H39: =IF($G39="","","c") -> c | I39: ="" | J39: ="" | K39: ="" | L39: ="" | M39: =IF($G39="","",IF(ISNA(MATCH($G39,個別指定!$A:$A,0)),"行なし","")) | N39: =IF($G39="","",IF(COUNTIF($G$2:$G$4460,$G39)>1,"重複",""))
A40: 単打 | B40: 単打 | C40: v | D40: ="" | E40: ="" | F40: ="" | G40: =IF(単打!W17="","",SUBSTITUTE(SUBSTITUTE(単打!W17," ","")," ","")) -> こ | H40: =IF($G40="","","v") -> v | I40: ="" | J40: ="" | K40: ="" | L40: ="" | M40: =IF($G40="","",IF(ISNA(MATCH($G40,個別指定!$A:$A,0)),"行なし","")) | N40: =IF($G40="","",IF(COUNTIF($G$2:$G$4460,$G40)>1,"重複",""))
A41: 単打 | B41: 単打 | C41: b | D41: ="" | E41: ="" | F41: ="" | G41: =IF(単打!AA17="","",SUBSTITUTE(SUBSTITUTE(単打!AA17," ","")," ","")) -> そ | H41: =IF($G41="","","b") -> b | I41: ="" | J41: ="" | K41: ="" | L41: ="" | M41: =IF($G41="","",IF(ISNA(MATCH($G41,個別指定!$A:$A,0)),"行なし","")) | N41: =IF($G41="","",IF(COUNTIF($G$2:$G$4460,$G41)>1,"重複",""))
A42: 単打 | B42: 単打 | C42: n | D42: ="" | E42: ="" | F42: ="" | G42: =IF(単打!AE17="","",SUBSTITUTE(SUBSTITUTE(単打!AE17," ","")," ","")) -> た | H42: =IF($G42="","","n") -> n | I42: ="" | J42: ="" | K42: ="" | L42: ="" | M42: =IF($G42="","",IF(ISNA(MATCH($G42,個別指定!$A:$A,0)),"行なし","")) | N42: =IF($G42="","",IF(COUNTIF($G$2:$G$4460,$G42)>1,"重複",""))
A43: 単打 | B43: 単打 | C43: m | D43: ="" | E43: ="" | F43: ="" | G43: =IF(単打!AI17="","",SUBSTITUTE(SUBSTITUTE(単打!AI17," ","")," ","")) -> な | H43: =IF($G43="","","m") -> m | I43: ="" | J43: ="" | K43: ="" | L43: ="" | M43: =IF($G43="","",IF(ISNA(MATCH($G43,個別指定!$A:$A,0)),"行なし","")) | N43: =IF($G43="","",IF(COUNTIF($G$2:$G$4460,$G43)>1,"重複",""))
A44: 単打 | B44: 単打 | C44: , | D44: ="" | E44: ="" | F44: ="" | G44: =IF(単打!AM17="","",SUBSTITUTE(SUBSTITUTE(単打!AM17," ","")," ","")) -> ん | H44: =IF($G44="","",",") -> , | I44: ="" | J44: ="" | K44: ="" | L44: ="" | M44: =IF($G44="","",IF(ISNA(MATCH($G44,個別指定!$A:$A,0)),"行なし","")) | N44: =IF($G44="","",IF(COUNTIF($G$2:$G$4460,$G44)>1,"重複",""))
A45: 単打 | B45: 単打 | C45: . | D45: ="" | E45: ="" | F45: ="" | G45: =IF(単打!AQ17="","",SUBSTITUTE(SUBSTITUTE(単打!AQ17," ","")," ","")) -> ら | H45: =IF($G45="","",".") -> . | I45: ="" | J45: ="" | K45: ="" | L45: ="" | M45: =IF($G45="","",IF(ISNA(MATCH($G45,個別指定!$A:$A,0)),"行なし","")) | N45: =IF($G45="","",IF(COUNTIF($G$2:$G$4460,$G45)>1,"重複",""))
A46: 単打 | B46: 単打 | C46: / | D46: ="" | E46: ="" | F46: ="" | G46: =IF(単打!AU17="","",SUBSTITUTE(SUBSTITUTE(単打!AU17," ","")," ","")) -> れ | H46: =IF($G46="","","/") -> / | I46: ="" | J46: ="" | K46: ="" | L46: ="" | M46: =IF($G46="","",IF(ISNA(MATCH($G46,個別指定!$A:$A,0)),"行なし","")) | N46: =IF($G46="","",IF(COUNTIF($G$2:$G$4460,$G46)>1,"重複",""))
A47: 単打 | B47: 単打 | C47: muhenkan | D47: ="" | E47: ="" | F47: ="" | G47: =IF(単打!P19="","",SUBSTITUTE(SUBSTITUTE(単打!P19," ","")," ","")) | H47: =IF($G47="","","muhenkan") | I47: ="" | J47: ="" | K47: ="" | L47: ="" | M47: =IF($G47="","",IF(ISNA(MATCH($G47,個別指定!$A:$A,0)),"行なし","")) | N47: =IF($G47="","",IF(COUNTIF($G$2:$G$4460,$G47)>1,"重複",""))
A48: 単打 | B48: 単打 | C48: space | D48: ="" | E48: ="" | F48: ="" | G48: =IF(単打!T19="","",SUBSTITUTE(SUBSTITUTE(単打!T19," ","")," ","")) | H48: =IF($G48="","","space") | I48: ="" | J48: ="" | K48: ="" | L48: ="" | M48: =IF($G48="","",IF(ISNA(MATCH($G48,個別指定!$A:$A,0)),"行なし","")) | N48: =IF($G48="","",IF(COUNTIF($G$2:$G$4460,$G48)>1,"重複",""))
A49: 単打 | B49: 単打 | C49: henkan | D49: ="" | E49: ="" | F49: ="" | G49: =IF(単打!AL19="","",SUBSTITUTE(SUBSTITUTE(単打!AL19," ","")," ","")) | H49: =IF($G49="","","henkan") | I49: ="" | J49: ="" | K49: ="" | L49: ="" | M49: =IF($G49="","",IF(ISNA(MATCH($G49,個別指定!$A:$A,0)),"行なし","")) | N49: =IF($G49="","",IF(COUNTIF($G$2:$G$4460,$G49)>1,"重複",""))
A50: 単打 | B50: 単打 | C50: kana | D50: ="" | E50: ="" | F50: ="" | G50: =IF(単打!AP19="","",SUBSTITUTE(SUBSTITUTE(単打!AP19," ","")," ","")) | H50: =IF($G50="","","kana") | I50: ="" | J50: ="" | K50: ="" | L50: ="" | M50: =IF($G50="","",IF(ISNA(MATCH($G50,個別指定!$A:$A,0)),"行なし","")) | N50: =IF($G50="","",IF(COUNTIF($G$2:$G$4460,$G50)>1,"重複",""))
A51: 2キー同時 | B51: 2キー同時-01 | C51: 1 | D51: =IF(2キー同時!$B$6="","",2キー同時!$B$6) -> space | E51: ="" | F51: ="" | G51: =IF(2キー同時!$B$6="","",IF(2キー同時!F8="","",SUBSTITUTE(SUBSTITUTE(2キー同時!F8," ","")," ",""))) | H51: =IF($G51="","",2キー同時!$B$6) | I51: =IF($G51="","","1") | J51: ="" | K51: ="" | L51: =IF($G51="","","同時") | M51: =IF($G51="","",IF(ISNA(MATCH($G51,個別指定!$A:$A,0)),"行なし","")) | N51: =IF($G51="","",IF(COUNTIF($G$2:$G$4460,$G51)>1,"重複",""))
A52: 2キー同時 | B52: 2キー同時-01 | C52: 2 | D52: =IF(2キー同時!$B$6="","",2キー同時!$B$6) -> space | E52: ="" | F52: ="" | G52: =IF(2キー同時!$B$6="","",IF(2キー同時!J8="","",SUBSTITUTE(SUBSTITUTE(2キー同時!J8," ","")," ",""))) | H52: =IF($G52="","",2キー同時!$B$6) | I52: =IF($G52="","","2") | J52: ="" | K52: ="" | L52: =IF($G52="","","同時") | M52: =IF($G52="","",IF(ISNA(MATCH($G52,個別指定!$A:$A,0)),"行なし","")) | N52: =IF($G52="","",IF(COUNTIF($G$2:$G$4460,$G52)>1,"重複",""))
A53: 2キー同時 | B53: 2キー同時-01 | C53: 3 | D53: =IF(2キー同時!$B$6="","",2キー同時!$B$6) -> space | E53: ="" | F53: ="" | G53: =IF(2キー同時!$B$6="","",IF(2キー同時!N8="","",SUBSTITUTE(SUBSTITUTE(2キー同時!N8," ","")," ",""))) | H53: =IF($G53="","",2キー同時!$B$6) | I53: =IF($G53="","","3") | J53: ="" | K53: ="" | L53: =IF($G53="","","同時") | M53: =IF($G53="","",IF(ISNA(MATCH($G53,個別指定!$A:$A,0)),"行なし","")) | N53: =IF($G53="","",IF(COUNTIF($G$2:$G$4460,$G53)>1,"重複",""))
A54: 2キー同時 | B54: 2キー同時-01 | C54: 4 | D54: =IF(2キー同時!$B$6="","",2キー同時!$B$6) -> space | E54: ="" | F54: ="" | G54: =IF(2キー同時!$B$6="","",IF(2キー同時!R8="","",SUBSTITUTE(SUBSTITUTE(2キー同時!R8," ","")," ",""))) | H54: =IF($G54="","",2キー同時!$B$6) | I54: =IF($G54="","","4") | J54: ="" | K54: ="" | L54: =IF($G54="","","同時") | M54: =IF($G54="","",IF(ISNA(MATCH($G54,個別指定!$A:$A,0)),"行なし","")) | N54: =IF($G54="","",IF(COUNTIF($G$2:$G$4460,$G54)>1,"重複",""))
A55: 2キー同時 | B55: 2キー同時-01 | C55: 5 | D55: =IF(2キー同時!$B$6="","",2キー同時!$B$6) -> space | E55: ="" | F55: ="" | G55: =IF(2キー同時!$B$6="","",IF(2キー同時!V8="","",SUBSTITUTE(SUBSTITUTE(2キー同時!V8," ","")," ",""))) | H55: =IF($G55="","",2キー同時!$B$6) | I55: =IF($G55="","","5") | J55: ="" | K55: ="" | L55: =IF($G55="","","同時") | M55: =IF($G55="","",IF(ISNA(MATCH($G55,個別指定!$A:$A,0)),"行なし","")) | N55: =IF($G55="","",IF(COUNTIF($G$2:$G$4460,$G55)>1,"重複",""))
A56: 2キー同時 | B56: 2キー同時-01 | C56: 6 | D56: =IF(2キー同時!$B$6="","",2キー同時!$B$6) -> space | E56: ="" | F56: ="" | G56: =IF(2キー同時!$B$6="","",IF(2キー同時!Z8="","",SUBSTITUTE(SUBSTITUTE(2キー同時!Z8," ","")," ",""))) | H56: =IF($G56="","",2キー同時!$B$6) | I56: =IF($G56="","","6") | J56: ="" | K56: ="" | L56: =IF($G56="","","同時") | M56: =IF($G56="","",IF(ISNA(MATCH($G56,個別指定!$A:$A,0)),"行なし","")) | N56: =IF($G56="","",IF(COUNTIF($G$2:$G$4460,$G56)>1,"重複",""))
A57: 2キー同時 | B57: 2キー同時-01 | C57: 7 | D57: =IF(2キー同時!$B$6="","",2キー同時!$B$6) -> space | E57: ="" | F57: ="" | G57: =IF(2キー同時!$B$6="","",IF(2キー同時!AD8="","",SUBSTITUTE(SUBSTITUTE(2キー同時!AD8," ","")," ",""))) | H57: =IF($G57="","",2キー同時!$B$6) | I57: =IF($G57="","","7") | J57: ="" | K57: ="" | L57: =IF($G57="","","同時") | M57: =IF($G57="","",IF(ISNA(MATCH($G57,個別指定!$A:$A,0)),"行なし","")) | N57: =IF($G57="","",IF(COUNTIF($G$2:$G$4460,$G57)>1,"重複",""))
A58: 2キー同時 | B58: 2キー同時-01 | C58: 8 | D58: =IF(2キー同時!$B$6="","",2キー同時!$B$6) -> space | E58: ="" | F58: ="" | G58: =IF(2キー同時!$B$6="","",IF(2キー同時!AH8="","",SUBSTITUTE(SUBSTITUTE(2キー同時!AH8," ","")," ",""))) | H58: =IF($G58="","",2キー同時!$B$6) | I58: =IF($G58="","","8") | J58: ="" | K58: ="" | L58: =IF($G58="","","同時") | M58: =IF($G58="","",IF(ISNA(MATCH($G58,個別指定!$A:$A,0)),"行なし","")) | N58: =IF($G58="","",IF(COUNTIF($G$2:$G$4460,$G58)>1,"重複",""))
A59: 2キー同時 | B59: 2キー同時-01 | C59: 9 | D59: =IF(2キー同時!$B$6="","",2キー同時!$B$6) -> space | E59: ="" | F59: ="" | G59: =IF(2キー同時!$B$6="","",IF(2キー同時!AL8="","",SUBSTITUTE(SUBSTITUTE(2キー同時!AL8," ","")," ",""))) | H59: =IF($G59="","",2キー同時!$B$6) | I59: =IF($G59="","","9") | J59: ="" | K59: ="" | L59: =IF($G59="","","同時") | M59: =IF($G59="","",IF(ISNA(MATCH($G59,個別指定!$A:$A,0)),"行なし","")) | N59: =IF($G59="","",IF(COUNTIF($G$2:$G$4460,$G59)>1,"重複",""))
A60: 2キー同時 | B60: 2キー同時-01 | C60: 0 | D60: =IF(2キー同時!$B$6="","",2キー同時!$B$6) -> space | E60: ="" | F60: ="" | G60: =IF(2キー同時!$B$6="","",IF(2キー同時!AP8="","",SUBSTITUTE(SUBSTITUTE(2キー同時!AP8," ","")," ",""))) | H60: =IF($G60="","",2キー同時!$B$6) | I60: =IF($G60="","","0") | J60: ="" | K60: ="" | L60: =IF($G60="","","同時") | M60: =IF($G60="","",IF(ISNA(MATCH($G60,個別指定!$A:$A,0)),"行なし","")) | N60: =IF($G60="","",IF(COUNTIF($G$2:$G$4460,$G60)>1,"重複",""))
A61: 2キー同時 | B61: 2キー同時-01 | C61: - | D61: =IF(2キー同時!$B$6="","",2キー同時!$B$6) -> space | E61: ="" | F61: ="" | G61: =IF(2キー同時!$B$6="","",IF(2キー同時!AT8="","",SUBSTITUTE(SUBSTITUTE(2キー同時!AT8," ","")," ",""))) | H61: =IF($G61="","",2キー同時!$B$6) | I61: =IF($G61="","","-") | J61: ="" | K61: ="" | L61: =IF($G61="","","同時") | M61: =IF($G61="","",IF(ISNA(MATCH($G61,個別指定!$A:$A,0)),"行なし","")) | N61: =IF($G61="","",IF(COUNTIF($G$2:$G$4460,$G61)>1,"重複",""))
A62: 2キー同時 | B62: 2キー同時-01 | C62: = | D62: =IF(2キー同時!$B$6="","",2キー同時!$B$6) -> space | E62: ="" | F62: ="" | G62: =IF(2キー同時!$B$6="","",IF(2キー同時!AX8="","",SUBSTITUTE(SUBSTITUTE(2キー同時!AX8," ","")," ",""))) | H62: =IF($G62="","",2キー同時!$B$6) | I62: =IF($G62="","","=") | J62: ="" | K62: ="" | L62: =IF($G62="","","同時") | M62: =IF($G62="","",IF(ISNA(MATCH($G62,個別指定!$A:$A,0)),"行なし","")) | N62: =IF($G62="","",IF(COUNTIF($G$2:$G$4460,$G62)>1,"重複",""))
A63: 2キー同時 | B63: 2キー同時-01 | C63: q | D63: =IF(2キー同時!$B$6="","",2キー同時!$B$6) -> space | E63: ="" | F63: ="" | G63: =IF(2キー同時!$B$6="","",IF(2キー同時!H10="","",SUBSTITUTE(SUBSTITUTE(2キー同時!H10," ","")," ",""))) | H63: =IF($G63="","",2キー同時!$B$6) | I63: =IF($G63="","","q") | J63: ="" | K63: ="" | L63: =IF($G63="","","同時") | M63: =IF($G63="","",IF(ISNA(MATCH($G63,個別指定!$A:$A,0)),"行なし","")) | N63: =IF($G63="","",IF(COUNTIF($G$2:$G$4460,$G63)>1,"重複",""))
A64: 2キー同時 | B64: 2キー同時-01 | C64: w | D64: =IF(2キー同時!$B$6="","",2キー同時!$B$6) -> space | E64: ="" | F64: ="" | G64: =IF(2キー同時!$B$6="","",IF(2キー同時!L10="","",SUBSTITUTE(SUBSTITUTE(2キー同時!L10," ","")," ",""))) -> め | H64: =IF($G64="","",2キー同時!$B$6) -> space | I64: =IF($G64="","","w") -> w | J64: ="" | K64: ="" | L64: =IF($G64="","","同時") -> 同時 | M64: =IF($G64="","",IF(ISNA(MATCH($G64,個別指定!$A:$A,0)),"行なし","")) | N64: =IF($G64="","",IF(COUNTIF($G$2:$G$4460,$G64)>1,"重複",""))
A65: 2キー同時 | B65: 2キー同時-01 | C65: e | D65: =IF(2キー同時!$B$6="","",2キー同時!$B$6) -> space | E65: ="" | F65: ="" | G65: =IF(2キー同時!$B$6="","",IF(2キー同時!P10="","",SUBSTITUTE(SUBSTITUTE(2キー同時!P10," ","")," ",""))) -> り | H65: =IF($G65="","",2キー同時!$B$6) -> space | I65: =IF($G65="","","e") -> e | J65: ="" | K65: ="" | L65: =IF($G65="","","同時") -> 同時 | M65: =IF($G65="","",IF(ISNA(MATCH($G65,個別指定!$A:$A,0)),"行なし","")) | N65: =IF($G65="","",IF(COUNTIF($G$2:$G$4460,$G65)>1,"重複",""))
A66: 2キー同時 | B66: 2キー同時-01 | C66: r | D66: =IF(2キー同時!$B$6="","",2キー同時!$B$6) -> space | E66: ="" | F66: ="" | G66: =IF(2キー同時!$B$6="","",IF(2キー同時!T10="","",SUBSTITUTE(SUBSTITUTE(2キー同時!T10," ","")," ",""))) -> ね | H66: =IF($G66="","",2キー同時!$B$6) -> space | I66: =IF($G66="","","r") -> r | J66: ="" | K66: ="" | L66: =IF($G66="","","同時") -> 同時 | M66: =IF($G66="","",IF(ISNA(MATCH($G66,個別指定!$A:$A,0)),"行なし","")) | N66: =IF($G66="","",IF(COUNTIF($G$2:$G$4460,$G66)>1,"重複",""))
A67: 2キー同時 | B67: 2キー同時-01 | C67: t | D67: =IF(2キー同時!$B$6="","",2キー同時!$B$6) -> space | E67: ="" | F67: ="" | G67: =IF(2キー同時!$B$6="","",IF(2キー同時!X10="","",SUBSTITUTE(SUBSTITUTE(2キー同時!X10," ","")," ",""))) | H67: =IF($G67="","",2キー同時!$B$6) | I67: =IF($G67="","","t") | J67: ="" | K67: ="" | L67: =IF($G67="","","同時") | M67: =IF($G67="","",IF(ISNA(MATCH($G67,個別指定!$A:$A,0)),"行なし","")) | N67: =IF($G67="","",IF(COUNTIF($G$2:$G$4460,$G67)>1,"重複",""))
A68: 2キー同時 | B68: 2キー同時-01 | C68: y | D68: =IF(2キー同時!$B$6="","",2キー同時!$B$6) -> space | E68: ="" | F68: ="" | G68: =IF(2キー同時!$B$6="","",IF(2キー同時!AB10="","",SUBSTITUTE(SUBSTITUTE(2キー同時!AB10," ","")," ",""))) | H68: =IF($G68="","",2キー同時!$B$6) | I68: =IF($G68="","","y") | J68: ="" | K68: ="" | L68: =IF($G68="","","同時") | M68: =IF($G68="","",IF(ISNA(MATCH($G68,個別指定!$A:$A,0)),"行なし","")) | N68: =IF($G68="","",IF(COUNTIF($G$2:$G$4460,$G68)>1,"重複",""))
A69: 2キー同時 | B69: 2キー同時-01 | C69: u | D69: =IF(2キー同時!$B$6="","",2キー同時!$B$6) -> space | E69: ="" | F69: ="" | G69: =IF(2キー同時!$B$6="","",IF(2キー同時!AF10="","",SUBSTITUTE(SUBSTITUTE(2キー同時!AF10," ","")," ",""))) -> さ | H69: =IF($G69="","",2キー同時!$B$6) -> space | I69: =IF($G69="","","u") -> u | J69: ="" | K69: ="" | L69: =IF($G69="","","同時") -> 同時 | M69: =IF($G69="","",IF(ISNA(MATCH($G69,個別指定!$A:$A,0)),"行なし","")) | N69: =IF($G69="","",IF(COUNTIF($G$2:$G$4460,$G69)>1,"重複",""))
A70: 2キー同時 | B70: 2キー同時-01 | C70: i | D70: =IF(2キー同時!$B$6="","",2キー同時!$B$6) -> space | E70: ="" | F70: ="" | G70: =IF(2キー同時!$B$6="","",IF(2キー同時!AJ10="","",SUBSTITUTE(SUBSTITUTE(2キー同時!AJ10," ","")," ",""))) -> よ | H70: =IF($G70="","",2キー同時!$B$6) -> space | I70: =IF($G70="","","i") -> i | J70: ="" | K70: ="" | L70: =IF($G70="","","同時") -> 同時 | M70: =IF($G70="","",IF(ISNA(MATCH($G70,個別指定!$A:$A,0)),"行なし","")) | N70: =IF($G70="","",IF(COUNTIF($G$2:$G$4460,$G70)>1,"重複",""))
A71: 2キー同時 | B71: 2キー同時-01 | C71: o | D71: =IF(2キー同時!$B$6="","",2キー同時!$B$6) -> space | E71: ="" | F71: ="" | G71: =IF(2キー同時!$B$6="","",IF(2キー同時!AN10="","",SUBSTITUTE(SUBSTITUTE(2キー同時!AN10," ","")," ",""))) -> え | H71: =IF($G71="","",2キー同時!$B$6) -> space | I71: =IF($G71="","","o") -> o | J71: ="" | K71: ="" | L71: =IF($G71="","","同時") -> 同時 | M71: =IF($G71="","",IF(ISNA(MATCH($G71,個別指定!$A:$A,0)),"行なし","")) | N71: =IF($G71="","",IF(COUNTIF($G$2:$G$4460,$G71)>1,"重複",""))
A72: 2キー同時 | B72: 2キー同時-01 | C72: p | D72: =IF(2キー同時!$B$6="","",2キー同時!$B$6) -> space | E72: ="" | F72: ="" | G72: =IF(2キー同時!$B$6="","",IF(2キー同時!AR10="","",SUBSTITUTE(SUBSTITUTE(2キー同時!AR10," ","")," ",""))) -> ゆ | H72: =IF($G72="","",2キー同時!$B$6) -> space | I72: =IF($G72="","","p") -> p | J72: ="" | K72: ="" | L72: =IF($G72="","","同時") -> 同時 | M72: =IF($G72="","",IF(ISNA(MATCH($G72,個別指定!$A:$A,0)),"行なし","")) | N72: =IF($G72="","",IF(COUNTIF($G$2:$G$4460,$G72)>1,"重複",""))
A73: 2キー同時 | B73: 2キー同時-01 | C73: [ | D73: =IF(2キー同時!$B$6="","",2キー同時!$B$6) -> space | E73: ="" | F73: ="" | G73: =IF(2キー同時!$B$6="","",IF(2キー同時!AV10="","",SUBSTITUTE(SUBSTITUTE(2キー同時!AV10," ","")," ",""))) | H73: =IF($G73="","",2キー同時!$B$6) | I73: =IF($G73="","","[") | J73: ="" | K73: ="" | L73: =IF($G73="","","同時") | M73: =IF($G73="","",IF(ISNA(MATCH($G73,個別指定!$A:$A,0)),"行なし","")) | N73: =IF($G73="","",IF(COUNTIF($G$2:$G$4460,$G73)>1,"重複",""))
A74: 2キー同時 | B74: 2キー同時-01 | C74: ] | D74: =IF(2キー同時!$B$6="","",2キー同時!$B$6) -> space | E74: ="" | F74: ="" | G74: =IF(2キー同時!$B$6="","",IF(2キー同時!AZ10="","",SUBSTITUTE(SUBSTITUTE(2キー同時!AZ10," ","")," ",""))) | H74: =IF($G74="","",2キー同時!$B$6) | I74: =IF($G74="","","]") | J74: ="" | K74: ="" | L74: =IF($G74="","","同時") | M74: =IF($G74="","",IF(ISNA(MATCH($G74,個別指定!$A:$A,0)),"行なし","")) | N74: =IF($G74="","",IF(COUNTIF($G$2:$G$4460,$G74)>1,"重複",""))
A75: 2キー同時 | B75: 2キー同時-01 | C75: a | D75: =IF(2キー同時!$B$6="","",2キー同時!$B$6) -> space | E75: ="" | F75: ="" | G75: =IF(2キー同時!$B$6="","",IF(2キー同時!I12="","",SUBSTITUTE(SUBSTITUTE(2キー同時!I12," ","")," ",""))) -> せ | H75: =IF($G75="","",2キー同時!$B$6) -> space | I75: =IF($G75="","","a") -> a | J75: ="" | K75: ="" | L75: =IF($G75="","","同時") -> 同時 | M75: =IF($G75="","",IF(ISNA(MATCH($G75,個別指定!$A:$A,0)),"行なし","")) | N75: =IF($G75="","",IF(COUNTIF($G$2:$G$4460,$G75)>1,"重複",""))
A76: 2キー同時 | B76: 2キー同時-01 | C76: s | D76: =IF(2キー同時!$B$6="","",2キー同時!$B$6) -> space | E76: ="" | F76: ="" | G76: =IF(2キー同時!$B$6="","",IF(2キー同時!M12="","",SUBSTITUTE(SUBSTITUTE(2キー同時!M12," ","")," ",""))) -> み | H76: =IF($G76="","",2キー同時!$B$6) -> space | I76: =IF($G76="","","s") -> s | J76: ="" | K76: ="" | L76: =IF($G76="","","同時") -> 同時 | M76: =IF($G76="","",IF(ISNA(MATCH($G76,個別指定!$A:$A,0)),"行なし","")) | N76: =IF($G76="","",IF(COUNTIF($G$2:$G$4460,$G76)>1,"重複",""))
A77: 2キー同時 | B77: 2キー同時-01 | C77: d | D77: =IF(2キー同時!$B$6="","",2キー同時!$B$6) -> space | E77: ="" | F77: ="" | G77: =IF(2キー同時!$B$6="","",IF(2キー同時!Q12="","",SUBSTITUTE(SUBSTITUTE(2キー同時!Q12," ","")," ",""))) -> に | H77: =IF($G77="","",2キー同時!$B$6) -> space | I77: =IF($G77="","","d") -> d | J77: ="" | K77: ="" | L77: =IF($G77="","","同時") -> 同時 | M77: =IF($G77="","",IF(ISNA(MATCH($G77,個別指定!$A:$A,0)),"行なし","")) | N77: =IF($G77="","",IF(COUNTIF($G$2:$G$4460,$G77)>1,"重複",""))
A78: 2キー同時 | B78: 2キー同時-01 | C78: f | D78: =IF(2キー同時!$B$6="","",2キー同時!$B$6) -> space | E78: ="" | F78: ="" | G78: =IF(2キー同時!$B$6="","",IF(2キー同時!U12="","",SUBSTITUTE(SUBSTITUTE(2キー同時!U12," ","")," ",""))) -> ま | H78: =IF($G78="","",2キー同時!$B$6) -> space | I78: =IF($G78="","","f") -> f | J78: ="" | K78: ="" | L78: =IF($G78="","","同時") -> 同時 | M78: =IF($G78="","",IF(ISNA(MATCH($G78,個別指定!$A:$A,0)),"行なし","")) | N78: =IF($G78="","",IF(COUNTIF($G$2:$G$4460,$G78)>1,"重複",""))
A79: 2キー同時 | B79: 2キー同時-01 | C79: g | D79: =IF(2キー同時!$B$6="","",2キー同時!$B$6) -> space | E79: ="" | F79: ="" | G79: =IF(2キー同時!$B$6="","",IF(2キー同時!Y12="","",SUBSTITUTE(SUBSTITUTE(2キー同時!Y12," ","")," ",""))) -> ち | H79: =IF($G79="","",2キー同時!$B$6) -> space | I79: =IF($G79="","","g") -> g | J79: ="" | K79: ="" | L79: =IF($G79="","","同時") -> 同時 | M79: =IF($G79="","",IF(ISNA(MATCH($G79,個別指定!$A:$A,0)),"行なし","")) | N79: =IF($G79="","",IF(COUNTIF($G$2:$G$4460,$G79)>1,"重複",""))
A80: 2キー同時 | B80: 2キー同時-01 | C80: h | D80: =IF(2キー同時!$B$6="","",2キー同時!$B$6) -> space | E80: ="" | F80: ="" | G80: =IF(2キー同時!$B$6="","",IF(2キー同時!AC12="","",SUBSTITUTE(SUBSTITUTE(2キー同時!AC12," ","")," ",""))) -> や | H80: =IF($G80="","",2キー同時!$B$6) -> space | I80: =IF($G80="","","h") -> h | J80: ="" | K80: ="" | L80: =IF($G80="","","同時") -> 同時 | M80: =IF($G80="","",IF(ISNA(MATCH($G80,個別指定!$A:$A,0)),"行なし","")) | N80: =IF($G80="","",IF(COUNTIF($G$2:$G$4460,$G80)>1,"重複",""))
A81: 2キー同時 | B81: 2キー同時-01 | C81: j | D81: =IF(2キー同時!$B$6="","",2キー同時!$B$6) -> space | E81: ="" | F81: ="" | G81: =IF(2キー同時!$B$6="","",IF(2キー同時!AG12="","",SUBSTITUTE(SUBSTITUTE(2キー同時!AG12," ","")," ",""))) -> の | H81: =IF($G81="","",2キー同時!$B$6) -> space | I81: =IF($G81="","","j") -> j | J81: ="" | K81: ="" | L81: =IF($G81="","","同時") -> 同時 | M81: =IF($G81="","",IF(ISNA(MATCH($G81,個別指定!$A:$A,0)),"行なし","")) | N81: =IF($G81="","",IF(COUNTIF($G$2:$G$4460,$G81)>1,"重複",""))
A82: 2キー同時 | B82: 2キー同時-01 | C82: k | D82: =IF(2キー同時!$B$6="","",2キー同時!$B$6) -> space | E82: ="" | F82: ="" | G82: =IF(2キー同時!$B$6="","",IF(2キー同時!AK12="","",SUBSTITUTE(SUBSTITUTE(2キー同時!AK12," ","")," ",""))) -> も | H82: =IF($G82="","",2キー同時!$B$6) -> space | I82: =IF($G82="","","k") -> k | J82: ="" | K82: ="" | L82: =IF($G82="","","同時") -> 同時 | M82: =IF($G82="","",IF(ISNA(MATCH($G82,個別指定!$A:$A,0)),"行なし","")) | N82: =IF($G82="","",IF(COUNTIF($G$2:$G$4460,$G82)>1,"重複",""))
A83: 2キー同時 | B83: 2キー同時-01 | C83: l | D83: =IF(2キー同時!$B$6="","",2キー同時!$B$6) -> space | E83: ="" | F83: ="" | G83: =IF(2キー同時!$B$6="","",IF(2キー同時!AO12="","",SUBSTITUTE(SUBSTITUTE(2キー同時!AO12," ","")," ",""))) -> つ | H83: =IF($G83="","",2キー同時!$B$6) -> space | I83: =IF($G83="","","l") -> l | J83: ="" | K83: ="" | L83: =IF($G83="","","同時") -> 同時 | M83: =IF($G83="","",IF(ISNA(MATCH($G83,個別指定!$A:$A,0)),"行なし","")) | N83: =IF($G83="","",IF(COUNTIF($G$2:$G$4460,$G83)>1,"重複",""))
A84: 2キー同時 | B84: 2キー同時-01 | C84: ; | D84: =IF(2キー同時!$B$6="","",2キー同時!$B$6) -> space | E84: ="" | F84: ="" | G84: =IF(2キー同時!$B$6="","",IF(2キー同時!AS12="","",SUBSTITUTE(SUBSTITUTE(2キー同時!AS12," ","")," ",""))) -> ふ | H84: =IF($G84="","",2キー同時!$B$6) -> space | I84: =IF($G84="","",";") -> ; | J84: ="" | K84: ="" | L84: =IF($G84="","","同時") -> 同時 | M84: =IF($G84="","",IF(ISNA(MATCH($G84,個別指定!$A:$A,0)),"行なし","")) | N84: =IF($G84="","",IF(COUNTIF($G$2:$G$4460,$G84)>1,"重複",""))
A85: 2キー同時 | B85: 2キー同時-01 | C85: ' | D85: =IF(2キー同時!$B$6="","",2キー同時!$B$6) -> space | E85: ="" | F85: ="" | G85: =IF(2キー同時!$B$6="","",IF(2キー同時!AW12="","",SUBSTITUTE(SUBSTITUTE(2キー同時!AW12," ","")," ",""))) | H85: =IF($G85="","",2キー同時!$B$6) | I85: =IF($G85="","","'") | J85: ="" | K85: ="" | L85: =IF($G85="","","同時") | M85: =IF($G85="","",IF(ISNA(MATCH($G85,個別指定!$A:$A,0)),"行なし","")) | N85: =IF($G85="","",IF(COUNTIF($G$2:$G$4460,$G85)>1,"重複",""))
A86: 2キー同時 | B86: 2キー同時-01 | C86: z | D86: =IF(2キー同時!$B$6="","",2キー同時!$B$6) -> space | E86: ="" | F86: ="" | G86: =IF(2キー同時!$B$6="","",IF(2キー同時!K14="","",SUBSTITUTE(SUBSTITUTE(2キー同時!K14," ","")," ",""))) | H86: =IF($G86="","",2キー同時!$B$6) | I86: =IF($G86="","","z") | J86: ="" | K86: ="" | L86: =IF($G86="","","同時") | M86: =IF($G86="","",IF(ISNA(MATCH($G86,個別指定!$A:$A,0)),"行なし","")) | N86: =IF($G86="","",IF(COUNTIF($G$2:$G$4460,$G86)>1,"重複",""))
A87: 2キー同時 | B87: 2キー同時-01 | C87: x | D87: =IF(2キー同時!$B$6="","",2キー同時!$B$6) -> space | E87: ="" | F87: ="" | G87: =IF(2キー同時!$B$6="","",IF(2キー同時!O14="","",SUBSTITUTE(SUBSTITUTE(2キー同時!O14," ","")," ",""))) | H87: =IF($G87="","",2キー同時!$B$6) | I87: =IF($G87="","","x") | J87: ="" | K87: ="" | L87: =IF($G87="","","同時") | M87: =IF($G87="","",IF(ISNA(MATCH($G87,個別指定!$A:$A,0)),"行なし","")) | N87: =IF($G87="","",IF(COUNTIF($G$2:$G$4460,$G87)>1,"重複",""))
A88: 2キー同時 | B88: 2キー同時-01 | C88: c | D88: =IF(2キー同時!$B$6="","",2キー同時!$B$6) -> space | E88: ="" | F88: ="" | G88: =IF(2キー同時!$B$6="","",IF(2キー同時!S14="","",SUBSTITUTE(SUBSTITUTE(2キー同時!S14," ","")," ",""))) -> を | H88: =IF($G88="","",2キー同時!$B$6) -> space | I88: =IF($G88="","","c") -> c | J88: ="" | K88: ="" | L88: =IF($G88="","","同時") -> 同時 | M88: =IF($G88="","",IF(ISNA(MATCH($G88,個別指定!$A:$A,0)),"行なし","")) | N88: =IF($G88="","",IF(COUNTIF($G$2:$G$4460,$G88)>1,"重複",""))
A89: 2キー同時 | B89: 2キー同時-01 | C89: v | D89: =IF(2キー同時!$B$6="","",2キー同時!$B$6) -> space | E89: ="" | F89: ="" | G89: =IF(2キー同時!$B$6="","",IF(2キー同時!W14="","",SUBSTITUTE(SUBSTITUTE(2キー同時!W14," ","")," ",""))) -> 、 | H89: =IF($G89="","",2キー同時!$B$6) -> space | I89: =IF($G89="","","v") -> v | J89: ="" | K89: ="" | L89: =IF($G89="","","同時") -> 同時 | M89: =IF($G89="","",IF(ISNA(MATCH($G89,個別指定!$A:$A,0)),"行なし","")) | N89: =IF($G89="","",IF(COUNTIF($G$2:$G$4460,$G89)>1,"重複",""))
A90: 2キー同時 | B90: 2キー同時-01 | C90: b | D90: =IF(2キー同時!$B$6="","",2キー同時!$B$6) -> space | E90: ="" | F90: ="" | G90: =IF(2キー同時!$B$6="","",IF(2キー同時!AA14="","",SUBSTITUTE(SUBSTITUTE(2キー同時!AA14," ","")," ",""))) -> ぬ | H90: =IF($G90="","",2キー同時!$B$6) -> space | I90: =IF($G90="","","b") -> b | J90: ="" | K90: ="" | L90: =IF($G90="","","同時") -> 同時 | M90: =IF($G90="","",IF(ISNA(MATCH($G90,個別指定!$A:$A,0)),"行なし","")) | N90: =IF($G90="","",IF(COUNTIF($G$2:$G$4460,$G90)>1,"重複",""))
A91: 2キー同時 | B91: 2キー同時-01 | C91: n | D91: =IF(2キー同時!$B$6="","",2キー同時!$B$6) -> space | E91: ="" | F91: ="" | G91: =IF(2キー同時!$B$6="","",IF(2キー同時!AE14="","",SUBSTITUTE(SUBSTITUTE(2キー同時!AE14," ","")," ",""))) -> お | H91: =IF($G91="","",2キー同時!$B$6) -> space | I91: =IF($G91="","","n") -> n | J91: ="" | K91: ="" | L91: =IF($G91="","","同時") -> 同時 | M91: =IF($G91="","",IF(ISNA(MATCH($G91,個別指定!$A:$A,0)),"行なし","")) | N91: =IF($G91="","",IF(COUNTIF($G$2:$G$4460,$G91)>1,"重複",""))
A92: 2キー同時 | B92: 2キー同時-01 | C92: m | D92: =IF(2キー同時!$B$6="","",2キー同時!$B$6) -> space | E92: ="" | F92: ="" | G92: =IF(2キー同時!$B$6="","",IF(2キー同時!AI14="","",SUBSTITUTE(SUBSTITUTE(2キー同時!AI14," ","")," ",""))) -> 。 | H92: =IF($G92="","",2キー同時!$B$6) -> space | I92: =IF($G92="","","m") -> m | J92: ="" | K92: ="" | L92: =IF($G92="","","同時") -> 同時 | M92: =IF($G92="","",IF(ISNA(MATCH($G92,個別指定!$A:$A,0)),"行なし","")) | N92: =IF($G92="","",IF(COUNTIF($G$2:$G$4460,$G92)>1,"重複",""))
A93: 2キー同時 | B93: 2キー同時-01 | C93: , | D93: =IF(2キー同時!$B$6="","",2キー同時!$B$6) -> space | E93: ="" | F93: ="" | G93: =IF(2キー同時!$B$6="","",IF(2キー同時!AM14="","",SUBSTITUTE(SUBSTITUTE(2キー同時!AM14," ","")," ",""))) -> む | H93: =IF($G93="","",2キー同時!$B$6) -> space | I93: =IF($G93="","",",") -> , | J93: ="" | K93: ="" | L93: =IF($G93="","","同時") -> 同時 | M93: =IF($G93="","",IF(ISNA(MATCH($G93,個別指定!$A:$A,0)),"行なし","")) | N93: =IF($G93="","",IF(COUNTIF($G$2:$G$4460,$G93)>1,"重複",""))
A94: 2キー同時 | B94: 2キー同時-01 | C94: . | D94: =IF(2キー同時!$B$6="","",2キー同時!$B$6) -> space | E94: ="" | F94: ="" | G94: =IF(2キー同時!$B$6="","",IF(2キー同時!AQ14="","",SUBSTITUTE(SUBSTITUTE(2キー同時!AQ14," ","")," ",""))) -> わ | H94: =IF($G94="","",2キー同時!$B$6) -> space | I94: =IF($G94="","",".") -> . | J94: ="" | K94: ="" | L94: =IF($G94="","","同時") -> 同時 | M94: =IF($G94="","",IF(ISNA(MATCH($G94,個別指定!$A:$A,0)),"行なし","")) | N94: =IF($G94="","",IF(COUNTIF($G$2:$G$4460,$G94)>1,"重複",""))
A95: 2キー同時 | B95: 2キー同時-01 | C95: / | D95: =IF(2キー同時!$B$6="","",2キー同時!$B$6) -> space | E95: ="" | F95: ="" | G95: =IF(2キー同時!$B$6="","",IF(2キー同時!AU14="","",SUBSTITUTE(SUBSTITUTE(2キー同時!AU14," ","")," ",""))) | H95: =IF($G95="","",2キー同時!$B$6) | I95: =IF($G95="","","/") | J95: ="" | K95: ="" | L95: =IF($G95="","","同時") | M95: =IF($G95="","",IF(ISNA(MATCH($G95,個別指定!$A:$A,0)),"行なし","")) | N95: =IF($G95="","",IF(COUNTIF($G$2:$G$4460,$G95)>1,"重複",""))
A96: 2キー同時 | B96: 2キー同時-01 | C96: muhenkan | D96: =IF(2キー同時!$B$6="","",2キー同時!$B$6) -> space | E96: ="" | F96: ="" | G96: =IF(2キー同時!$B$6="","",IF(2キー同時!P16="","",SUBSTITUTE(SUBSTITUTE(2キー同時!P16," ","")," ",""))) | H96: =IF($G96="","",2キー同時!$B$6) | I96: =IF($G96="","","muhenkan") | J96: ="" | K96: ="" | L96: =IF($G96="","","同時") | M96: =IF($G96="","",IF(ISNA(MATCH($G96,個別指定!$A:$A,0)),"行なし","")) | N96: =IF($G96="","",IF(COUNTIF($G$2:$G$4460,$G96)>1,"重複",""))
A97: 2キー同時 | B97: 2キー同時-01 | C97: space | D97: =IF(2キー同時!$B$6="","",2キー同時!$B$6) -> space | E97: ="" | F97: ="" | G97: =IF(2キー同時!$B$6="","",IF(2キー同時!T16="","",SUBSTITUTE(SUBSTITUTE(2キー同時!T16," ","")," ",""))) | H97: =IF($G97="","",2キー同時!$B$6) | I97: =IF($G97="","","space") | J97: ="" | K97: ="" | L97: =IF($G97="","","同時") | M97: =IF($G97="","",IF(ISNA(MATCH($G97,個別指定!$A:$A,0)),"行なし","")) | N97: =IF($G97="","",IF(COUNTIF($G$2:$G$4460,$G97)>1,"重複",""))
A98: 2キー同時 | B98: 2キー同時-01 | C98: henkan | D98: =IF(2キー同時!$B$6="","",2キー同時!$B$6) -> space | E98: ="" | F98: ="" | G98: =IF(2キー同時!$B$6="","",IF(2キー同時!AL16="","",SUBSTITUTE(SUBSTITUTE(2キー同時!AL16," ","")," ",""))) | H98: =IF($G98="","",2キー同時!$B$6) | I98: =IF($G98="","","henkan") | J98: ="" | K98: ="" | L98: =IF($G98="","","同時") | M98: =IF($G98="","",IF(ISNA(MATCH($G98,個別指定!$A:$A,0)),"行なし","")) | N98: =IF($G98="","",IF(COUNTIF($G$2:$G$4460,$G98)>1,"重複",""))
A99: 2キー同時 | B99: 2キー同時-01 | C99: kana | D99: =IF(2キー同時!$B$6="","",2キー同時!$B$6) -> space | E99: ="" | F99: ="" | G99: =IF(2キー同時!$B$6="","",IF(2キー同時!AP16="","",SUBSTITUTE(SUBSTITUTE(2キー同時!AP16," ","")," ",""))) | H99: =IF($G99="","",2キー同時!$B$6) | I99: =IF($G99="","","kana") | J99: ="" | K99: ="" | L99: =IF($G99="","","同時") | M99: =IF($G99="","",IF(ISNA(MATCH($G99,個別指定!$A:$A,0)),"行なし","")) | N99: =IF($G99="","",IF(COUNTIF($G$2:$G$4460,$G99)>1,"重複",""))
A100: 2キー同時 | B100: 2キー同時-02 | C100: 1 | D100: =IF(2キー同時!$B$19="","",2キー同時!$B$19) -> f | E100: ="" | F100: ="" | G100: =IF(2キー同時!$B$19="","",IF(2キー同時!F21="","",SUBSTITUTE(SUBSTITUTE(2キー同時!F21," ","")," ",""))) | H100: =IF($G100="","",2キー同時!$B$19) | I100: =IF($G100="","","1") | J100: ="" | K100: ="" | L100: =IF($G100="","","同時") | M100: =IF($G100="","",IF(ISNA(MATCH($G100,個別指定!$A:$A,0)),"行なし","")) | N100: =IF($G100="","",IF(COUNTIF($G$2:$G$4460,$G100)>1,"重複",""))
...

Sheet 記入方法
A1: 記入方法
A3: 1. レイヤーシート
A4: 単打 | B4: シフトなしで打ったときのかなを、キーの位置に記入します。
A5: 2キー同時 | B5: シフトキーを1つ指定し、それと同時に押したときのかなを記入。20面あります。
A6: 3キー同時 | B6: シフトキーを2つ指定。その2つ + 文字キーの3キー同時打鍵。20面。
A7: 4キー同時 | B7: シフトキーを3つ指定。その3つ + 文字キーの4キー同時打鍵。20面。
A8: 使わないレイヤー | B8: シフトキー欄を空欄のままにしてください。無視されます。
A10: 2. 個別指定シート（正データ）
A11: 自動反映 | B11: レイヤーシートの内容が青字で自動的に入ります。数式です。
A12: 手入力の優先 | B12: 青字のセルに直接入力すると、その行は手入力が優先されます。
A13: ここにしか書けないもの | B13: 文字キー同士の同時打鍵（でぃ = t + l）と、連続打鍵（が = か → 濁点キー）。
A14: 連続打鍵の書き方 | B14: キー1・キー2… に順に打つキーを入れ、打鍵タイプを「連続」にします。
A16: 3. 拗音・外来音について
A17: 分解して打つ配列 | B17: 「ゃ」にキーを割り当てれば「しゃ」は自動で2打鍵になります。記入不要です。
A18: 1打で打つ配列 | B18: 該当レイヤーの位置か、個別指定シートに記入してください。
A20: 4. 確認用の集計（単打シート右上）
A21: 反映済みのかな数 | B21: レイヤーに記入され、個別指定へ反映された数。
A22: 重複しているかな | B22: 同じかなが複数のキーに割り当てられている数。0 が理想です。
A23: 個別指定に行がないかな | B23: 一覧にないかなを記入した場合。個別指定シートに行を追加してください。
A25: 5. 親指キー
A26: space / muhenkan / henkan / kana | B26: スペース / 無変換 / 変換 / かな
A27: lshift / rshift | B27: 左右のシフトキー。記号入力などで使う場合に指定します。
A28: lthumb / rthumb | B28: 自作キーボードの左右親指キー
A29: space を押す親指 | B29: 既定は「打鍵する手と逆の親指」。親指の移動距離は指と別に集計します。

Sheet キーID一覧
A1: 使用できるキーID（QWERTY 刻印での位置）
A3: 数字段 | B3: 1 | C3: 2 | D3: 3 | E3: 4 | F3: 5 | G3: 6 | H3: 7 | I3: 8 | J3: 9 | K3: 0 | L3: - | M3: =
A4: 上段 | B4: q | C4: w | D4: e | E4: r | F4: t | G4: y | H4: u | I4: i | J4: o | K4: p | L4: [ | M4: ]
A5: 中段 | B5: a | C5: s | D5: d | E5: f | F5: g | G5: h | H5: j | I5: k | J5: l | K5: ; | L5: '
A6: 下段 | B6: z | C6: x | D6: c | E6: v | F6: b | G6: n | H6: m | I6: , | J6: . | K6: /
A8: 親指キー | B8: henkan | C8: kana | D8: lthumb | E8: muhenkan | F8: rthumb | G8: space
A9: シフトキー | B9: lshift | C9: rshift

Sheet _meta
A1: sheet | B1: layer | C1: n_shift | D1: shift_cells | E1: key | F1: input_row | G1: col
A2: 単打 | B2: 単打 | C2: 0 | E2: 1 | F2: 11 | G2: 6
A3: 単打 | B3: 単打 | C3: 0 | E3: 2 | F3: 11 | G3: 10
A4: 単打 | B4: 単打 | C4: 0 | E4: 3 | F4: 11 | G4: 14
A5: 単打 | B5: 単打 | C5: 0 | E5: 4 | F5: 11 | G5: 18
A6: 単打 | B6: 単打 | C6: 0 | E6: 5 | F6: 11 | G6: 22
A7: 単打 | B7: 単打 | C7: 0 | E7: 6 | F7: 11 | G7: 26
A8: 単打 | B8: 単打 | C8: 0 | E8: 7 | F8: 11 | G8: 30
A9: 単打 | B9: 単打 | C9: 0 | E9: 8 | F9: 11 | G9: 34
A10: 単打 | B10: 単打 | C10: 0 | E10: 9 | F10: 11 | G10: 38
A11: 単打 | B11: 単打 | C11: 0 | E11: 0 | F11: 11 | G11: 42
A12: 単打 | B12: 単打 | C12: 0 | E12: - | F12: 11 | G12: 46
A13: 単打 | B13: 単打 | C13: 0 | E13: = | F13: 11 | G13: 50
... A50: 単打 | B50: 単打 | C50: 0 | E50: kana | F50: 19 | G50: 42
A51: 2キー同時 | B51: 2キー同時-01 | C51: 1 | D51: 6:2 | E51: 1 | F51: 8 | G51: 6
A52: 2キー同時 | B52: 2キー同時-01 | C52: 1 | D52: 6:2 | E52: 2 | F52: 8 | G52: 10
A53: 2キー同時 | B53: 2キー同時-01 | C53: 1 | D53: 6:2 | E53: 3 | F53: 8 | G53: 14
A54: 2キー同時 | B54: 2キー同時-01 | C54: 1 | D54: 6:2 | E54: 4 | F54: 8 | G54: 18
A55: 2キー同時 | B55: 2キー同時-01 | C55: 1 | D55: 6:2 | E55: 5 | F55: 8 | G55: 22
A56: 2キー同時 | B56: 2キー同時-01 | C56: 1 | D56: 6:2 | E56: 6 | F56: 8 | G56: 26
A57: 2キー同時 | B57: 2キー同時-01 | C57: 1 | D57: 6:2 | E57: 7 | F57: 8 | G57: 30
A58: 2キー同時 | B58: 2キー同時-01 | C58: 1 | D58: 6:2 | E58: 8 | F58: 8 | G58: 34
A59: 2キー同時 | B59: 2キー同時-01 | C59: 1 | D59: 6:2 | E59: 9 | F59: 8 | G59: 38
A60: 2キー同時 | B60: 2キー同時-01 | C60: 1 | D60: 6:2 | E60: 0 | F60: 8 | G60: 42
A61: 2キー同時 | B61: 2キー同時-01 | C61: 1 | D61: 6:2 | E61: - | F61: 8 | G61: 46
A62: 2キー同時 | B62: 2キー同時-01 | C62: 1 | D62: 6:2 | E62: = | F62: 8 | G62: 50
... A4460: 4キー同時 | B4460: 4キー同時-30 | C4460: 3 | D4460: 383:2;383:7;383:12 | E4460: kana | F4460: 393 | G4460: 42
